-- MySQL dump 10.13  Distrib 9.0.1, for macos14.7 (arm64)
--
-- Host: localhost    Database: SistemaVeterinaria
-- ------------------------------------------------------
-- Server version	9.0.1

/*!40101 SET @OLD_CHARACTER_SET_CLIENT=@@CHARACTER_SET_CLIENT */;
/*!40101 SET @OLD_CHARACTER_SET_RESULTS=@@CHARACTER_SET_RESULTS */;
/*!40101 SET @OLD_COLLATION_CONNECTION=@@COLLATION_CONNECTION */;
/*!50503 SET NAMES utf8mb4 */;
/*!40103 SET @OLD_TIME_ZONE=@@TIME_ZONE */;
/*!40103 SET TIME_ZONE='+00:00' */;
/*!40014 SET @OLD_UNIQUE_CHECKS=@@UNIQUE_CHECKS, UNIQUE_CHECKS=0 */;
/*!40014 SET @OLD_FOREIGN_KEY_CHECKS=@@FOREIGN_KEY_CHECKS, FOREIGN_KEY_CHECKS=0 */;
/*!40101 SET @OLD_SQL_MODE=@@SQL_MODE, SQL_MODE='NO_AUTO_VALUE_ON_ZERO' */;
/*!40111 SET @OLD_SQL_NOTES=@@SQL_NOTES, SQL_NOTES=0 */;

--
-- Table structure for table `Agenda`
--

DROP TABLE IF EXISTS `Agenda`;
/*!40101 SET @saved_cs_client     = @@character_set_client */;
/*!50503 SET character_set_client = utf8mb4 */;
CREATE TABLE `Agenda` (
  `idAgenda` int NOT NULL AUTO_INCREMENT,
  PRIMARY KEY (`idAgenda`)
) ENGINE=InnoDB AUTO_INCREMENT=4 DEFAULT CHARSET=utf8mb4 COLLATE=utf8mb4_0900_ai_ci;
/*!40101 SET character_set_client = @saved_cs_client */;

--
-- Dumping data for table `Agenda`
--

LOCK TABLES `Agenda` WRITE;
/*!40000 ALTER TABLE `Agenda` DISABLE KEYS */;
INSERT INTO `Agenda` VALUES (1),(2),(3);
/*!40000 ALTER TABLE `Agenda` ENABLE KEYS */;
UNLOCK TABLES;
/*!50003 SET @saved_cs_client      = @@character_set_client */ ;
/*!50003 SET @saved_cs_results     = @@character_set_results */ ;
/*!50003 SET @saved_col_connection = @@collation_connection */ ;
/*!50003 SET character_set_client  = utf8mb4 */ ;
/*!50003 SET character_set_results = utf8mb4 */ ;
/*!50003 SET collation_connection  = utf8mb4_0900_ai_ci */ ;
/*!50003 SET @saved_sql_mode       = @@sql_mode */ ;
/*!50003 SET sql_mode              = 'ONLY_FULL_GROUP_BY,STRICT_TRANS_TABLES,NO_ZERO_IN_DATE,NO_ZERO_DATE,ERROR_FOR_DIVISION_BY_ZERO,NO_ENGINE_SUBSTITUTION' */ ;
DELIMITER ;;
/*!50003 CREATE*/ /*!50017 DEFINER=`root`@`localhost`*/ /*!50003 TRIGGER `iniciarAgenda` AFTER INSERT ON `agenda` FOR EACH ROW BEGIN
CALL insertar_fechas_enero(NEW.idAgenda);
CALL insertar_FechaHora_Agenda(NEW.idAgenda);
END */;;
DELIMITER ;
/*!50003 SET sql_mode              = @saved_sql_mode */ ;
/*!50003 SET character_set_client  = @saved_cs_client */ ;
/*!50003 SET character_set_results = @saved_cs_results */ ;
/*!50003 SET collation_connection  = @saved_col_connection */ ;

--
-- Table structure for table `Cita`
--

DROP TABLE IF EXISTS `Cita`;
/*!40101 SET @saved_cs_client     = @@character_set_client */;
/*!50503 SET character_set_client = utf8mb4 */;
CREATE TABLE `Cita` (
  `idCita` int NOT NULL AUTO_INCREMENT,
  `tratamiento` text,
  `motivoDeConsulta` text,
  `estadoDeCita` varchar(50) DEFAULT NULL,
  `idMascota` int NOT NULL,
  `idDueno` int NOT NULL,
  `idAgenda` int NOT NULL,
  `idFechaHora` int NOT NULL,
  PRIMARY KEY (`idCita`),
  KEY `idMascota` (`idMascota`),
  KEY `Cedula` (`idDueno`),
  KEY `fk_idAgenda` (`idAgenda`),
  KEY `idFechaHora` (`idFechaHora`),
  CONSTRAINT `cita_ibfk_2` FOREIGN KEY (`idMascota`) REFERENCES `mascota` (`idMascota`) ON DELETE CASCADE ON UPDATE CASCADE,
  CONSTRAINT `cita_ibfk_4` FOREIGN KEY (`idFechaHora`) REFERENCES `FechaHora` (`idFechaHora`),
  CONSTRAINT `fk_dueno` FOREIGN KEY (`idDueno`) REFERENCES `Dueno` (`idDuenio`) ON UPDATE CASCADE,
  CONSTRAINT `fk_idAgenda` FOREIGN KEY (`idAgenda`) REFERENCES `Veterinario` (`agendaID`) ON UPDATE CASCADE
) ENGINE=InnoDB AUTO_INCREMENT=12 DEFAULT CHARSET=utf8mb4 COLLATE=utf8mb4_0900_ai_ci;
/*!40101 SET character_set_client = @saved_cs_client */;

--
-- Dumping data for table `Cita`
--

LOCK TABLES `Cita` WRITE;
/*!40000 ALTER TABLE `Cita` DISABLE KEYS */;
INSERT INTO `Cita` VALUES (11,NULL,'Malestar intestinal','Pendiente',2,2,1,5);
/*!40000 ALTER TABLE `Cita` ENABLE KEYS */;
UNLOCK TABLES;
/*!50003 SET @saved_cs_client      = @@character_set_client */ ;
/*!50003 SET @saved_cs_results     = @@character_set_results */ ;
/*!50003 SET @saved_col_connection = @@collation_connection */ ;
/*!50003 SET character_set_client  = utf8mb4 */ ;
/*!50003 SET character_set_results = utf8mb4 */ ;
/*!50003 SET collation_connection  = utf8mb4_0900_ai_ci */ ;
/*!50003 SET @saved_sql_mode       = @@sql_mode */ ;
/*!50003 SET sql_mode              = 'ONLY_FULL_GROUP_BY,STRICT_TRANS_TABLES,NO_ZERO_IN_DATE,NO_ZERO_DATE,ERROR_FOR_DIVISION_BY_ZERO,NO_ENGINE_SUBSTITUTION' */ ;
DELIMITER ;;
/*!50003 CREATE*/ /*!50017 DEFINER=`root`@`localhost`*/ /*!50003 TRIGGER `actualizar_disponibilidad` AFTER INSERT ON `cita` FOR EACH ROW BEGIN
UPDATE FechaHora
SET disponible = 0
WHERE idFechaHora = NEW.idFechaHora
AND idAgenda = NEW.idAgenda;
END */;;
DELIMITER ;
/*!50003 SET sql_mode              = @saved_sql_mode */ ;
/*!50003 SET character_set_client  = @saved_cs_client */ ;
/*!50003 SET character_set_results = @saved_cs_results */ ;
/*!50003 SET collation_connection  = @saved_col_connection */ ;

--
-- Table structure for table `cita_enfermedad`
--

DROP TABLE IF EXISTS `cita_enfermedad`;
/*!40101 SET @saved_cs_client     = @@character_set_client */;
/*!50503 SET character_set_client = utf8mb4 */;
CREATE TABLE `cita_enfermedad` (
  `idCita` int NOT NULL,
  `idEnfermedad` int NOT NULL,
  PRIMARY KEY (`idCita`,`idEnfermedad`),
  KEY `idEnfermedad` (`idEnfermedad`),
  CONSTRAINT `cita_enfermedad_ibfk_1` FOREIGN KEY (`idCita`) REFERENCES `cita` (`idCita`) ON DELETE CASCADE ON UPDATE CASCADE,
  CONSTRAINT `cita_enfermedad_ibfk_2` FOREIGN KEY (`idEnfermedad`) REFERENCES `enfermedad` (`idEnfermedad`) ON DELETE CASCADE ON UPDATE CASCADE
) ENGINE=InnoDB DEFAULT CHARSET=utf8mb4 COLLATE=utf8mb4_0900_ai_ci;
/*!40101 SET character_set_client = @saved_cs_client */;

--
-- Dumping data for table `cita_enfermedad`
--

LOCK TABLES `cita_enfermedad` WRITE;
/*!40000 ALTER TABLE `cita_enfermedad` DISABLE KEYS */;
/*!40000 ALTER TABLE `cita_enfermedad` ENABLE KEYS */;
UNLOCK TABLES;

--
-- Table structure for table `compra`
--

DROP TABLE IF EXISTS `compra`;
/*!40101 SET @saved_cs_client     = @@character_set_client */;
/*!50503 SET character_set_client = utf8mb4 */;
CREATE TABLE `compra` (
  `idDuenio` int NOT NULL,
  `idProducto` int NOT NULL,
  PRIMARY KEY (`idDuenio`,`idProducto`),
  KEY `idProducto` (`idProducto`),
  CONSTRAINT `compra_ibfk_1` FOREIGN KEY (`idDuenio`) REFERENCES `dueno` (`idDuenio`) ON UPDATE CASCADE,
  CONSTRAINT `compra_ibfk_2` FOREIGN KEY (`idProducto`) REFERENCES `producto` (`idProducto`) ON UPDATE CASCADE
) ENGINE=InnoDB DEFAULT CHARSET=utf8mb4 COLLATE=utf8mb4_0900_ai_ci;
/*!40101 SET character_set_client = @saved_cs_client */;

--
-- Dumping data for table `compra`
--

LOCK TABLES `compra` WRITE;
/*!40000 ALTER TABLE `compra` DISABLE KEYS */;
/*!40000 ALTER TABLE `compra` ENABLE KEYS */;
UNLOCK TABLES;

--
-- Table structure for table `direccion_dueno`
--

DROP TABLE IF EXISTS `direccion_dueno`;
/*!40101 SET @saved_cs_client     = @@character_set_client */;
/*!50503 SET character_set_client = utf8mb4 */;
CREATE TABLE `direccion_dueno` (
  `numeroDeCasa` int NOT NULL,
  `calle` varchar(255) DEFAULT NULL,
  `colonia` varchar(255) DEFAULT NULL,
  `idDuenio` int DEFAULT NULL,
  PRIMARY KEY (`numeroDeCasa`),
  KEY `idDuenio` (`idDuenio`),
  CONSTRAINT `direccion_dueno_ibfk_1` FOREIGN KEY (`idDuenio`) REFERENCES `dueno` (`idDuenio`) ON UPDATE CASCADE
) ENGINE=InnoDB DEFAULT CHARSET=utf8mb4 COLLATE=utf8mb4_0900_ai_ci;
/*!40101 SET character_set_client = @saved_cs_client */;

--
-- Dumping data for table `direccion_dueno`
--

LOCK TABLES `direccion_dueno` WRITE;
/*!40000 ALTER TABLE `direccion_dueno` DISABLE KEYS */;
INSERT INTO `direccion_dueno` VALUES (7,'Manuel Doblado','José Cardel',2);
/*!40000 ALTER TABLE `direccion_dueno` ENABLE KEYS */;
UNLOCK TABLES;

--
-- Table structure for table `direccion_secretaria`
--

DROP TABLE IF EXISTS `direccion_secretaria`;
/*!40101 SET @saved_cs_client     = @@character_set_client */;
/*!50503 SET character_set_client = utf8mb4 */;
CREATE TABLE `direccion_secretaria` (
  `numeroDeCasa` int NOT NULL,
  `calle` varchar(255) DEFAULT NULL,
  `colonia` varchar(255) DEFAULT NULL,
  `numeroDeINE` int DEFAULT NULL,
  PRIMARY KEY (`numeroDeCasa`),
  KEY `numeroDeINE` (`numeroDeINE`),
  CONSTRAINT `direccion_secretaria_ibfk_1` FOREIGN KEY (`numeroDeINE`) REFERENCES `secretaria` (`numeroDeINE`) ON UPDATE CASCADE
) ENGINE=InnoDB DEFAULT CHARSET=utf8mb4 COLLATE=utf8mb4_0900_ai_ci;
/*!40101 SET character_set_client = @saved_cs_client */;

--
-- Dumping data for table `direccion_secretaria`
--

LOCK TABLES `direccion_secretaria` WRITE;
/*!40000 ALTER TABLE `direccion_secretaria` DISABLE KEYS */;
/*!40000 ALTER TABLE `direccion_secretaria` ENABLE KEYS */;
UNLOCK TABLES;

--
-- Table structure for table `direccion_veterinario`
--

DROP TABLE IF EXISTS `direccion_veterinario`;
/*!40101 SET @saved_cs_client     = @@character_set_client */;
/*!50503 SET character_set_client = utf8mb4 */;
CREATE TABLE `direccion_veterinario` (
  `idCasa` int NOT NULL AUTO_INCREMENT,
  `calle` varchar(255) DEFAULT NULL,
  `colonia` varchar(255) DEFAULT NULL,
  `numeroDeCasa` int DEFAULT NULL,
  `cedula` int DEFAULT NULL,
  PRIMARY KEY (`idCasa`),
  KEY `cedula` (`cedula`),
  CONSTRAINT `direccion_veterinario_ibfk_1` FOREIGN KEY (`cedula`) REFERENCES `veterinario` (`Cedula`) ON DELETE CASCADE ON UPDATE CASCADE
) ENGINE=InnoDB DEFAULT CHARSET=utf8mb4 COLLATE=utf8mb4_0900_ai_ci;
/*!40101 SET character_set_client = @saved_cs_client */;

--
-- Dumping data for table `direccion_veterinario`
--

LOCK TABLES `direccion_veterinario` WRITE;
/*!40000 ALTER TABLE `direccion_veterinario` DISABLE KEYS */;
/*!40000 ALTER TABLE `direccion_veterinario` ENABLE KEYS */;
UNLOCK TABLES;

--
-- Table structure for table `Dueno`
--

DROP TABLE IF EXISTS `Dueno`;
/*!40101 SET @saved_cs_client     = @@character_set_client */;
/*!50503 SET character_set_client = utf8mb4 */;
CREATE TABLE `Dueno` (
  `idDuenio` int NOT NULL AUTO_INCREMENT,
  `telefono` varchar(15) DEFAULT NULL,
  `nombreCompleto` varchar(255) DEFAULT NULL,
  `email` varchar(255) DEFAULT NULL,
  `ine` varchar(255) DEFAULT NULL,
  PRIMARY KEY (`idDuenio`)
) ENGINE=InnoDB AUTO_INCREMENT=3 DEFAULT CHARSET=utf8mb4 COLLATE=utf8mb4_0900_ai_ci;
/*!40101 SET character_set_client = @saved_cs_client */;

--
-- Dumping data for table `Dueno`
--

LOCK TABLES `Dueno` WRITE;
/*!40000 ALTER TABLE `Dueno` DISABLE KEYS */;
INSERT INTO `Dueno` VALUES (2,'2289790583','Teresita Francisca','tere@gmail.com',NULL);
/*!40000 ALTER TABLE `Dueno` ENABLE KEYS */;
UNLOCK TABLES;

--
-- Table structure for table `enfermedad`
--

DROP TABLE IF EXISTS `enfermedad`;
/*!40101 SET @saved_cs_client     = @@character_set_client */;
/*!50503 SET character_set_client = utf8mb4 */;
CREATE TABLE `enfermedad` (
  `idEnfermedad` int NOT NULL AUTO_INCREMENT,
  `nombreDeEnfermedad` varchar(255) DEFAULT NULL,
  `clasificacionDeEspecie` varchar(100) DEFAULT NULL,
  PRIMARY KEY (`idEnfermedad`)
) ENGINE=InnoDB DEFAULT CHARSET=utf8mb4 COLLATE=utf8mb4_0900_ai_ci;
/*!40101 SET character_set_client = @saved_cs_client */;

--
-- Dumping data for table `enfermedad`
--

LOCK TABLES `enfermedad` WRITE;
/*!40000 ALTER TABLE `enfermedad` DISABLE KEYS */;
/*!40000 ALTER TABLE `enfermedad` ENABLE KEYS */;
UNLOCK TABLES;

--
-- Table structure for table `Fecha`
--

DROP TABLE IF EXISTS `Fecha`;
/*!40101 SET @saved_cs_client     = @@character_set_client */;
/*!50503 SET character_set_client = utf8mb4 */;
CREATE TABLE `Fecha` (
  `idFecha` int NOT NULL AUTO_INCREMENT,
  `Fecha` date NOT NULL,
  `agendaId` int NOT NULL,
  PRIMARY KEY (`idFecha`),
  KEY `agendaId` (`agendaId`),
  CONSTRAINT `fecha_ibfk_1` FOREIGN KEY (`agendaId`) REFERENCES `Agenda` (`idAgenda`) ON UPDATE CASCADE
) ENGINE=InnoDB AUTO_INCREMENT=97 DEFAULT CHARSET=utf8mb4 COLLATE=utf8mb4_0900_ai_ci;
/*!40101 SET character_set_client = @saved_cs_client */;

--
-- Dumping data for table `Fecha`
--

LOCK TABLES `Fecha` WRITE;
/*!40000 ALTER TABLE `Fecha` DISABLE KEYS */;
INSERT INTO `Fecha` VALUES (1,'2025-06-10',1),(2,'2025-06-11',1),(3,'2025-06-12',1),(4,'2025-01-01',3),(5,'2025-01-02',3),(6,'2025-01-03',3),(7,'2025-01-04',3),(8,'2025-01-05',3),(9,'2025-01-06',3),(10,'2025-01-07',3),(11,'2025-01-08',3),(12,'2025-01-09',3),(13,'2025-01-10',3),(14,'2025-01-11',3),(15,'2025-01-12',3),(16,'2025-01-13',3),(17,'2025-01-14',3),(18,'2025-01-15',3),(19,'2025-01-16',3),(20,'2025-01-17',3),(21,'2025-01-18',3),(22,'2025-01-19',3),(23,'2025-01-20',3),(24,'2025-01-21',3),(25,'2025-01-22',3),(26,'2025-01-23',3),(27,'2025-01-24',3),(28,'2025-01-25',3),(29,'2025-01-26',3),(30,'2025-01-27',3),(31,'2025-01-28',3),(32,'2025-01-29',3),(33,'2025-01-30',3),(34,'2025-01-31',3),(35,'2026-01-01',3),(36,'2026-01-02',3),(37,'2026-01-03',3),(38,'2026-01-04',3),(39,'2026-01-05',3),(40,'2026-01-06',3),(41,'2026-01-07',3),(42,'2026-01-08',3),(43,'2026-01-09',3),(44,'2026-01-10',3),(45,'2026-01-11',3),(46,'2026-01-12',3),(47,'2026-01-13',3),(48,'2026-01-14',3),(49,'2026-01-15',3),(50,'2026-01-16',3),(51,'2026-01-17',3),(52,'2026-01-18',3),(53,'2026-01-19',3),(54,'2026-01-20',3),(55,'2026-01-21',3),(56,'2026-01-22',3),(57,'2026-01-23',3),(58,'2026-01-24',3),(59,'2026-01-25',3),(60,'2026-01-26',3),(61,'2026-01-27',3),(62,'2026-01-28',3),(63,'2026-01-29',3),(64,'2026-01-30',3),(65,'2026-01-31',3),(66,'2027-01-01',3),(67,'2027-01-02',3),(68,'2027-01-03',3),(69,'2027-01-04',3),(70,'2027-01-05',3),(71,'2027-01-06',3),(72,'2027-01-07',3),(73,'2027-01-08',3),(74,'2027-01-09',3),(75,'2027-01-10',3),(76,'2027-01-11',3),(77,'2027-01-12',3),(78,'2027-01-13',3),(79,'2027-01-14',3),(80,'2027-01-15',3),(81,'2027-01-16',3),(82,'2027-01-17',3),(83,'2027-01-18',3),(84,'2027-01-19',3),(85,'2027-01-20',3),(86,'2027-01-21',3),(87,'2027-01-22',3),(88,'2027-01-23',3),(89,'2027-01-24',3),(90,'2027-01-25',3),(91,'2027-01-26',3),(92,'2027-01-27',3),(93,'2027-01-28',3),(94,'2027-01-29',3),(95,'2027-01-30',3),(96,'2027-01-31',3);
/*!40000 ALTER TABLE `Fecha` ENABLE KEYS */;
UNLOCK TABLES;

--
-- Table structure for table `FechaCita_cita`
--

DROP TABLE IF EXISTS `FechaCita_cita`;
/*!40101 SET @saved_cs_client     = @@character_set_client */;
/*!50503 SET character_set_client = utf8mb4 */;
CREATE TABLE `FechaCita_cita` (
  `idCita` int NOT NULL,
  `dia` int DEFAULT NULL,
  `mes` int DEFAULT NULL,
  `anio` int DEFAULT NULL,
  `hora` time DEFAULT NULL,
  PRIMARY KEY (`idCita`)
) ENGINE=InnoDB DEFAULT CHARSET=utf8mb4 COLLATE=utf8mb4_0900_ai_ci;
/*!40101 SET character_set_client = @saved_cs_client */;

--
-- Dumping data for table `FechaCita_cita`
--

LOCK TABLES `FechaCita_cita` WRITE;
/*!40000 ALTER TABLE `FechaCita_cita` DISABLE KEYS */;
/*!40000 ALTER TABLE `FechaCita_cita` ENABLE KEYS */;
UNLOCK TABLES;

--
-- Table structure for table `FechaHora`
--

DROP TABLE IF EXISTS `FechaHora`;
/*!40101 SET @saved_cs_client     = @@character_set_client */;
/*!50503 SET character_set_client = utf8mb4 */;
CREATE TABLE `FechaHora` (
  `idFecha` int NOT NULL,
  `idHora` int NOT NULL,
  `idAgenda` int NOT NULL,
  `disponible` tinyint DEFAULT '1',
  `idFechaHora` int NOT NULL AUTO_INCREMENT,
  PRIMARY KEY (`idFechaHora`),
  KEY `idFecha` (`idFecha`),
  KEY `idHora` (`idHora`),
  KEY `idAgenda` (`idAgenda`),
  CONSTRAINT `fechahora_ibfk_1` FOREIGN KEY (`idFecha`) REFERENCES `Fecha` (`idFecha`) ON UPDATE CASCADE,
  CONSTRAINT `fechahora_ibfk_2` FOREIGN KEY (`idHora`) REFERENCES `Hora` (`idHora`) ON UPDATE CASCADE,
  CONSTRAINT `fechahora_ibfk_3` FOREIGN KEY (`idAgenda`) REFERENCES `Agenda` (`idAgenda`) ON UPDATE CASCADE
) ENGINE=InnoDB AUTO_INCREMENT=2893 DEFAULT CHARSET=utf8mb4 COLLATE=utf8mb4_0900_ai_ci;
/*!40101 SET character_set_client = @saved_cs_client */;

--
-- Dumping data for table `FechaHora`
--

LOCK TABLES `FechaHora` WRITE;
/*!40000 ALTER TABLE `FechaHora` DISABLE KEYS */;
INSERT INTO `FechaHora` VALUES (1,1,1,1,1),(1,2,1,1,2),(1,3,1,1,3),(2,1,1,1,4),(2,2,1,0,5),(2,3,1,1,6),(1,1,2,1,7),(1,2,2,1,8),(1,3,2,1,9),(2,1,2,1,10),(2,2,2,1,11),(2,3,2,1,12),(1,1,3,1,13),(1,2,3,1,14),(1,3,3,1,15),(1,4,3,1,16),(1,5,3,1,17),(1,6,3,1,18),(1,7,3,1,19),(1,8,3,1,20),(1,9,3,1,21),(1,10,3,1,22),(1,11,3,1,23),(1,12,3,1,24),(1,13,3,1,25),(1,14,3,1,26),(1,15,3,1,27),(1,16,3,1,28),(1,17,3,1,29),(1,18,3,1,30),(1,19,3,1,31),(1,20,3,1,32),(1,21,3,1,33),(1,22,3,1,34),(1,23,3,1,35),(1,24,3,1,36),(1,25,3,1,37),(1,26,3,1,38),(1,27,3,1,39),(1,28,3,1,40),(1,29,3,1,41),(1,30,3,1,42),(2,1,3,1,43),(2,2,3,1,44),(2,3,3,1,45),(2,4,3,1,46),(2,5,3,1,47),(2,6,3,1,48),(2,7,3,1,49),(2,8,3,1,50),(2,9,3,1,51),(2,10,3,1,52),(2,11,3,1,53),(2,12,3,1,54),(2,13,3,1,55),(2,14,3,1,56),(2,15,3,1,57),(2,16,3,1,58),(2,17,3,1,59),(2,18,3,1,60),(2,19,3,1,61),(2,20,3,1,62),(2,21,3,1,63),(2,22,3,1,64),(2,23,3,1,65),(2,24,3,1,66),(2,25,3,1,67),(2,26,3,1,68),(2,27,3,1,69),(2,28,3,1,70),(2,29,3,1,71),(2,30,3,1,72),(3,1,3,1,73),(3,2,3,1,74),(3,3,3,1,75),(3,4,3,1,76),(3,5,3,1,77),(3,6,3,1,78),(3,7,3,1,79),(3,8,3,1,80),(3,9,3,1,81),(3,10,3,1,82),(3,11,3,1,83),(3,12,3,1,84),(3,13,3,1,85),(3,14,3,1,86),(3,15,3,1,87),(3,16,3,1,88),(3,17,3,1,89),(3,18,3,1,90),(3,19,3,1,91),(3,20,3,1,92),(3,21,3,1,93),(3,22,3,1,94),(3,23,3,1,95),(3,24,3,1,96),(3,25,3,1,97),(3,26,3,1,98),(3,27,3,1,99),(3,28,3,1,100),(3,29,3,1,101),(3,30,3,1,102),(4,1,3,1,103),(4,2,3,1,104),(4,3,3,1,105),(4,4,3,1,106),(4,5,3,1,107),(4,6,3,1,108),(4,7,3,1,109),(4,8,3,1,110),(4,9,3,1,111),(4,10,3,1,112),(4,11,3,1,113),(4,12,3,1,114),(4,13,3,1,115),(4,14,3,1,116),(4,15,3,1,117),(4,16,3,1,118),(4,17,3,1,119),(4,18,3,1,120),(4,19,3,1,121),(4,20,3,1,122),(4,21,3,1,123),(4,22,3,1,124),(4,23,3,1,125),(4,24,3,1,126),(4,25,3,1,127),(4,26,3,1,128),(4,27,3,1,129),(4,28,3,1,130),(4,29,3,1,131),(4,30,3,1,132),(5,1,3,1,133),(5,2,3,1,134),(5,3,3,1,135),(5,4,3,1,136),(5,5,3,1,137),(5,6,3,1,138),(5,7,3,1,139),(5,8,3,1,140),(5,9,3,1,141),(5,10,3,1,142),(5,11,3,1,143),(5,12,3,1,144),(5,13,3,1,145),(5,14,3,1,146),(5,15,3,1,147),(5,16,3,1,148),(5,17,3,1,149),(5,18,3,1,150),(5,19,3,1,151),(5,20,3,1,152),(5,21,3,1,153),(5,22,3,1,154),(5,23,3,1,155),(5,24,3,1,156),(5,25,3,1,157),(5,26,3,1,158),(5,27,3,1,159),(5,28,3,1,160),(5,29,3,1,161),(5,30,3,1,162),(6,1,3,1,163),(6,2,3,1,164),(6,3,3,1,165),(6,4,3,1,166),(6,5,3,1,167),(6,6,3,1,168),(6,7,3,1,169),(6,8,3,1,170),(6,9,3,1,171),(6,10,3,1,172),(6,11,3,1,173),(6,12,3,1,174),(6,13,3,1,175),(6,14,3,1,176),(6,15,3,1,177),(6,16,3,1,178),(6,17,3,1,179),(6,18,3,1,180),(6,19,3,1,181),(6,20,3,1,182),(6,21,3,1,183),(6,22,3,1,184),(6,23,3,1,185),(6,24,3,1,186),(6,25,3,1,187),(6,26,3,1,188),(6,27,3,1,189),(6,28,3,1,190),(6,29,3,1,191),(6,30,3,1,192),(7,1,3,1,193),(7,2,3,1,194),(7,3,3,1,195),(7,4,3,1,196),(7,5,3,1,197),(7,6,3,1,198),(7,7,3,1,199),(7,8,3,1,200),(7,9,3,1,201),(7,10,3,1,202),(7,11,3,1,203),(7,12,3,1,204),(7,13,3,1,205),(7,14,3,1,206),(7,15,3,1,207),(7,16,3,1,208),(7,17,3,1,209),(7,18,3,1,210),(7,19,3,1,211),(7,20,3,1,212),(7,21,3,1,213),(7,22,3,1,214),(7,23,3,1,215),(7,24,3,1,216),(7,25,3,1,217),(7,26,3,1,218),(7,27,3,1,219),(7,28,3,1,220),(7,29,3,1,221),(7,30,3,1,222),(8,1,3,1,223),(8,2,3,1,224),(8,3,3,1,225),(8,4,3,1,226),(8,5,3,1,227),(8,6,3,1,228),(8,7,3,1,229),(8,8,3,1,230),(8,9,3,1,231),(8,10,3,1,232),(8,11,3,1,233),(8,12,3,1,234),(8,13,3,1,235),(8,14,3,1,236),(8,15,3,1,237),(8,16,3,1,238),(8,17,3,1,239),(8,18,3,1,240),(8,19,3,1,241),(8,20,3,1,242),(8,21,3,1,243),(8,22,3,1,244),(8,23,3,1,245),(8,24,3,1,246),(8,25,3,1,247),(8,26,3,1,248),(8,27,3,1,249),(8,28,3,1,250),(8,29,3,1,251),(8,30,3,1,252),(9,1,3,1,253),(9,2,3,1,254),(9,3,3,1,255),(9,4,3,1,256),(9,5,3,1,257),(9,6,3,1,258),(9,7,3,1,259),(9,8,3,1,260),(9,9,3,1,261),(9,10,3,1,262),(9,11,3,1,263),(9,12,3,1,264),(9,13,3,1,265),(9,14,3,1,266),(9,15,3,1,267),(9,16,3,1,268),(9,17,3,1,269),(9,18,3,1,270),(9,19,3,1,271),(9,20,3,1,272),(9,21,3,1,273),(9,22,3,1,274),(9,23,3,1,275),(9,24,3,1,276),(9,25,3,1,277),(9,26,3,1,278),(9,27,3,1,279),(9,28,3,1,280),(9,29,3,1,281),(9,30,3,1,282),(10,1,3,1,283),(10,2,3,1,284),(10,3,3,1,285),(10,4,3,1,286),(10,5,3,1,287),(10,6,3,1,288),(10,7,3,1,289),(10,8,3,1,290),(10,9,3,1,291),(10,10,3,1,292),(10,11,3,1,293),(10,12,3,1,294),(10,13,3,1,295),(10,14,3,1,296),(10,15,3,1,297),(10,16,3,1,298),(10,17,3,1,299),(10,18,3,1,300),(10,19,3,1,301),(10,20,3,1,302),(10,21,3,1,303),(10,22,3,1,304),(10,23,3,1,305),(10,24,3,1,306),(10,25,3,1,307),(10,26,3,1,308),(10,27,3,1,309),(10,28,3,1,310),(10,29,3,1,311),(10,30,3,1,312),(11,1,3,1,313),(11,2,3,1,314),(11,3,3,1,315),(11,4,3,1,316),(11,5,3,1,317),(11,6,3,1,318),(11,7,3,1,319),(11,8,3,1,320),(11,9,3,1,321),(11,10,3,1,322),(11,11,3,1,323),(11,12,3,1,324),(11,13,3,1,325),(11,14,3,1,326),(11,15,3,1,327),(11,16,3,1,328),(11,17,3,1,329),(11,18,3,1,330),(11,19,3,1,331),(11,20,3,1,332),(11,21,3,1,333),(11,22,3,1,334),(11,23,3,1,335),(11,24,3,1,336),(11,25,3,1,337),(11,26,3,1,338),(11,27,3,1,339),(11,28,3,1,340),(11,29,3,1,341),(11,30,3,1,342),(12,1,3,1,343),(12,2,3,1,344),(12,3,3,1,345),(12,4,3,1,346),(12,5,3,1,347),(12,6,3,1,348),(12,7,3,1,349),(12,8,3,1,350),(12,9,3,1,351),(12,10,3,1,352),(12,11,3,1,353),(12,12,3,1,354),(12,13,3,1,355),(12,14,3,1,356),(12,15,3,1,357),(12,16,3,1,358),(12,17,3,1,359),(12,18,3,1,360),(12,19,3,1,361),(12,20,3,1,362),(12,21,3,1,363),(12,22,3,1,364),(12,23,3,1,365),(12,24,3,1,366),(12,25,3,1,367),(12,26,3,1,368),(12,27,3,1,369),(12,28,3,1,370),(12,29,3,1,371),(12,30,3,1,372),(13,1,3,1,373),(13,2,3,1,374),(13,3,3,1,375),(13,4,3,1,376),(13,5,3,1,377),(13,6,3,1,378),(13,7,3,1,379),(13,8,3,1,380),(13,9,3,1,381),(13,10,3,1,382),(13,11,3,1,383),(13,12,3,1,384),(13,13,3,1,385),(13,14,3,1,386),(13,15,3,1,387),(13,16,3,1,388),(13,17,3,1,389),(13,18,3,1,390),(13,19,3,1,391),(13,20,3,1,392),(13,21,3,1,393),(13,22,3,1,394),(13,23,3,1,395),(13,24,3,1,396),(13,25,3,1,397),(13,26,3,1,398),(13,27,3,1,399),(13,28,3,1,400),(13,29,3,1,401),(13,30,3,1,402),(14,1,3,1,403),(14,2,3,1,404),(14,3,3,1,405),(14,4,3,1,406),(14,5,3,1,407),(14,6,3,1,408),(14,7,3,1,409),(14,8,3,1,410),(14,9,3,1,411),(14,10,3,1,412),(14,11,3,1,413),(14,12,3,1,414),(14,13,3,1,415),(14,14,3,1,416),(14,15,3,1,417),(14,16,3,1,418),(14,17,3,1,419),(14,18,3,1,420),(14,19,3,1,421),(14,20,3,1,422),(14,21,3,1,423),(14,22,3,1,424),(14,23,3,1,425),(14,24,3,1,426),(14,25,3,1,427),(14,26,3,1,428),(14,27,3,1,429),(14,28,3,1,430),(14,29,3,1,431),(14,30,3,1,432),(15,1,3,1,433),(15,2,3,1,434),(15,3,3,1,435),(15,4,3,1,436),(15,5,3,1,437),(15,6,3,1,438),(15,7,3,1,439),(15,8,3,1,440),(15,9,3,1,441),(15,10,3,1,442),(15,11,3,1,443),(15,12,3,1,444),(15,13,3,1,445),(15,14,3,1,446),(15,15,3,1,447),(15,16,3,1,448),(15,17,3,1,449),(15,18,3,1,450),(15,19,3,1,451),(15,20,3,1,452),(15,21,3,1,453),(15,22,3,1,454),(15,23,3,1,455),(15,24,3,1,456),(15,25,3,1,457),(15,26,3,1,458),(15,27,3,1,459),(15,28,3,1,460),(15,29,3,1,461),(15,30,3,1,462),(16,1,3,1,463),(16,2,3,1,464),(16,3,3,1,465),(16,4,3,1,466),(16,5,3,1,467),(16,6,3,1,468),(16,7,3,1,469),(16,8,3,1,470),(16,9,3,1,471),(16,10,3,1,472),(16,11,3,1,473),(16,12,3,1,474),(16,13,3,1,475),(16,14,3,1,476),(16,15,3,1,477),(16,16,3,1,478),(16,17,3,1,479),(16,18,3,1,480),(16,19,3,1,481),(16,20,3,1,482),(16,21,3,1,483),(16,22,3,1,484),(16,23,3,1,485),(16,24,3,1,486),(16,25,3,1,487),(16,26,3,1,488),(16,27,3,1,489),(16,28,3,1,490),(16,29,3,1,491),(16,30,3,1,492),(17,1,3,1,493),(17,2,3,1,494),(17,3,3,1,495),(17,4,3,1,496),(17,5,3,1,497),(17,6,3,1,498),(17,7,3,1,499),(17,8,3,1,500),(17,9,3,1,501),(17,10,3,1,502),(17,11,3,1,503),(17,12,3,1,504),(17,13,3,1,505),(17,14,3,1,506),(17,15,3,1,507),(17,16,3,1,508),(17,17,3,1,509),(17,18,3,1,510),(17,19,3,1,511),(17,20,3,1,512),(17,21,3,1,513),(17,22,3,1,514),(17,23,3,1,515),(17,24,3,1,516),(17,25,3,1,517),(17,26,3,1,518),(17,27,3,1,519),(17,28,3,1,520),(17,29,3,1,521),(17,30,3,1,522),(18,1,3,1,523),(18,2,3,1,524),(18,3,3,1,525),(18,4,3,1,526),(18,5,3,1,527),(18,6,3,1,528),(18,7,3,1,529),(18,8,3,1,530),(18,9,3,1,531),(18,10,3,1,532),(18,11,3,1,533),(18,12,3,1,534),(18,13,3,1,535),(18,14,3,1,536),(18,15,3,1,537),(18,16,3,1,538),(18,17,3,1,539),(18,18,3,1,540),(18,19,3,1,541),(18,20,3,1,542),(18,21,3,1,543),(18,22,3,1,544),(18,23,3,1,545),(18,24,3,1,546),(18,25,3,1,547),(18,26,3,1,548),(18,27,3,1,549),(18,28,3,1,550),(18,29,3,1,551),(18,30,3,1,552),(19,1,3,1,553),(19,2,3,1,554),(19,3,3,1,555),(19,4,3,1,556),(19,5,3,1,557),(19,6,3,1,558),(19,7,3,1,559),(19,8,3,1,560),(19,9,3,1,561),(19,10,3,1,562),(19,11,3,1,563),(19,12,3,1,564),(19,13,3,1,565),(19,14,3,1,566),(19,15,3,1,567),(19,16,3,1,568),(19,17,3,1,569),(19,18,3,1,570),(19,19,3,1,571),(19,20,3,1,572),(19,21,3,1,573),(19,22,3,1,574),(19,23,3,1,575),(19,24,3,1,576),(19,25,3,1,577),(19,26,3,1,578),(19,27,3,1,579),(19,28,3,1,580),(19,29,3,1,581),(19,30,3,1,582),(20,1,3,1,583),(20,2,3,1,584),(20,3,3,1,585),(20,4,3,1,586),(20,5,3,1,587),(20,6,3,1,588),(20,7,3,1,589),(20,8,3,1,590),(20,9,3,1,591),(20,10,3,1,592),(20,11,3,1,593),(20,12,3,1,594),(20,13,3,1,595),(20,14,3,1,596),(20,15,3,1,597),(20,16,3,1,598),(20,17,3,1,599),(20,18,3,1,600),(20,19,3,1,601),(20,20,3,1,602),(20,21,3,1,603),(20,22,3,1,604),(20,23,3,1,605),(20,24,3,1,606),(20,25,3,1,607),(20,26,3,1,608),(20,27,3,1,609),(20,28,3,1,610),(20,29,3,1,611),(20,30,3,1,612),(21,1,3,1,613),(21,2,3,1,614),(21,3,3,1,615),(21,4,3,1,616),(21,5,3,1,617),(21,6,3,1,618),(21,7,3,1,619),(21,8,3,1,620),(21,9,3,1,621),(21,10,3,1,622),(21,11,3,1,623),(21,12,3,1,624),(21,13,3,1,625),(21,14,3,1,626),(21,15,3,1,627),(21,16,3,1,628),(21,17,3,1,629),(21,18,3,1,630),(21,19,3,1,631),(21,20,3,1,632),(21,21,3,1,633),(21,22,3,1,634),(21,23,3,1,635),(21,24,3,1,636),(21,25,3,1,637),(21,26,3,1,638),(21,27,3,1,639),(21,28,3,1,640),(21,29,3,1,641),(21,30,3,1,642),(22,1,3,1,643),(22,2,3,1,644),(22,3,3,1,645),(22,4,3,1,646),(22,5,3,1,647),(22,6,3,1,648),(22,7,3,1,649),(22,8,3,1,650),(22,9,3,1,651),(22,10,3,1,652),(22,11,3,1,653),(22,12,3,1,654),(22,13,3,1,655),(22,14,3,1,656),(22,15,3,1,657),(22,16,3,1,658),(22,17,3,1,659),(22,18,3,1,660),(22,19,3,1,661),(22,20,3,1,662),(22,21,3,1,663),(22,22,3,1,664),(22,23,3,1,665),(22,24,3,1,666),(22,25,3,1,667),(22,26,3,1,668),(22,27,3,1,669),(22,28,3,1,670),(22,29,3,1,671),(22,30,3,1,672),(23,1,3,1,673),(23,2,3,1,674),(23,3,3,1,675),(23,4,3,1,676),(23,5,3,1,677),(23,6,3,1,678),(23,7,3,1,679),(23,8,3,1,680),(23,9,3,1,681),(23,10,3,1,682),(23,11,3,1,683),(23,12,3,1,684),(23,13,3,1,685),(23,14,3,1,686),(23,15,3,1,687),(23,16,3,1,688),(23,17,3,1,689),(23,18,3,1,690),(23,19,3,1,691),(23,20,3,1,692),(23,21,3,1,693),(23,22,3,1,694),(23,23,3,1,695),(23,24,3,1,696),(23,25,3,1,697),(23,26,3,1,698),(23,27,3,1,699),(23,28,3,1,700),(23,29,3,1,701),(23,30,3,1,702),(24,1,3,1,703),(24,2,3,1,704),(24,3,3,1,705),(24,4,3,1,706),(24,5,3,1,707),(24,6,3,1,708),(24,7,3,1,709),(24,8,3,1,710),(24,9,3,1,711),(24,10,3,1,712),(24,11,3,1,713),(24,12,3,1,714),(24,13,3,1,715),(24,14,3,1,716),(24,15,3,1,717),(24,16,3,1,718),(24,17,3,1,719),(24,18,3,1,720),(24,19,3,1,721),(24,20,3,1,722),(24,21,3,1,723),(24,22,3,1,724),(24,23,3,1,725),(24,24,3,1,726),(24,25,3,1,727),(24,26,3,1,728),(24,27,3,1,729),(24,28,3,1,730),(24,29,3,1,731),(24,30,3,1,732),(25,1,3,1,733),(25,2,3,1,734),(25,3,3,1,735),(25,4,3,1,736),(25,5,3,1,737),(25,6,3,1,738),(25,7,3,1,739),(25,8,3,1,740),(25,9,3,1,741),(25,10,3,1,742),(25,11,3,1,743),(25,12,3,1,744),(25,13,3,1,745),(25,14,3,1,746),(25,15,3,1,747),(25,16,3,1,748),(25,17,3,1,749),(25,18,3,1,750),(25,19,3,1,751),(25,20,3,1,752),(25,21,3,1,753),(25,22,3,1,754),(25,23,3,1,755),(25,24,3,1,756),(25,25,3,1,757),(25,26,3,1,758),(25,27,3,1,759),(25,28,3,1,760),(25,29,3,1,761),(25,30,3,1,762),(26,1,3,1,763),(26,2,3,1,764),(26,3,3,1,765),(26,4,3,1,766),(26,5,3,1,767),(26,6,3,1,768),(26,7,3,1,769),(26,8,3,1,770),(26,9,3,1,771),(26,10,3,1,772),(26,11,3,1,773),(26,12,3,1,774),(26,13,3,1,775),(26,14,3,1,776),(26,15,3,1,777),(26,16,3,1,778),(26,17,3,1,779),(26,18,3,1,780),(26,19,3,1,781),(26,20,3,1,782),(26,21,3,1,783),(26,22,3,1,784),(26,23,3,1,785),(26,24,3,1,786),(26,25,3,1,787),(26,26,3,1,788),(26,27,3,1,789),(26,28,3,1,790),(26,29,3,1,791),(26,30,3,1,792),(27,1,3,1,793),(27,2,3,1,794),(27,3,3,1,795),(27,4,3,1,796),(27,5,3,1,797),(27,6,3,1,798),(27,7,3,1,799),(27,8,3,1,800),(27,9,3,1,801),(27,10,3,1,802),(27,11,3,1,803),(27,12,3,1,804),(27,13,3,1,805),(27,14,3,1,806),(27,15,3,1,807),(27,16,3,1,808),(27,17,3,1,809),(27,18,3,1,810),(27,19,3,1,811),(27,20,3,1,812),(27,21,3,1,813),(27,22,3,1,814),(27,23,3,1,815),(27,24,3,1,816),(27,25,3,1,817),(27,26,3,1,818),(27,27,3,1,819),(27,28,3,1,820),(27,29,3,1,821),(27,30,3,1,822),(28,1,3,1,823),(28,2,3,1,824),(28,3,3,1,825),(28,4,3,1,826),(28,5,3,1,827),(28,6,3,1,828),(28,7,3,1,829),(28,8,3,1,830),(28,9,3,1,831),(28,10,3,1,832),(28,11,3,1,833),(28,12,3,1,834),(28,13,3,1,835),(28,14,3,1,836),(28,15,3,1,837),(28,16,3,1,838),(28,17,3,1,839),(28,18,3,1,840),(28,19,3,1,841),(28,20,3,1,842),(28,21,3,1,843),(28,22,3,1,844),(28,23,3,1,845),(28,24,3,1,846),(28,25,3,1,847),(28,26,3,1,848),(28,27,3,1,849),(28,28,3,1,850),(28,29,3,1,851),(28,30,3,1,852),(29,1,3,1,853),(29,2,3,1,854),(29,3,3,1,855),(29,4,3,1,856),(29,5,3,1,857),(29,6,3,1,858),(29,7,3,1,859),(29,8,3,1,860),(29,9,3,1,861),(29,10,3,1,862),(29,11,3,1,863),(29,12,3,1,864),(29,13,3,1,865),(29,14,3,1,866),(29,15,3,1,867),(29,16,3,1,868),(29,17,3,1,869),(29,18,3,1,870),(29,19,3,1,871),(29,20,3,1,872),(29,21,3,1,873),(29,22,3,1,874),(29,23,3,1,875),(29,24,3,1,876),(29,25,3,1,877),(29,26,3,1,878),(29,27,3,1,879),(29,28,3,1,880),(29,29,3,1,881),(29,30,3,1,882),(30,1,3,1,883),(30,2,3,1,884),(30,3,3,1,885),(30,4,3,1,886),(30,5,3,1,887),(30,6,3,1,888),(30,7,3,1,889),(30,8,3,1,890),(30,9,3,1,891),(30,10,3,1,892),(30,11,3,1,893),(30,12,3,1,894),(30,13,3,1,895),(30,14,3,1,896),(30,15,3,1,897),(30,16,3,1,898),(30,17,3,1,899),(30,18,3,1,900),(30,19,3,1,901),(30,20,3,1,902),(30,21,3,1,903),(30,22,3,1,904),(30,23,3,1,905),(30,24,3,1,906),(30,25,3,1,907),(30,26,3,1,908),(30,27,3,1,909),(30,28,3,1,910),(30,29,3,1,911),(30,30,3,1,912),(31,1,3,1,913),(31,2,3,1,914),(31,3,3,1,915),(31,4,3,1,916),(31,5,3,1,917),(31,6,3,1,918),(31,7,3,1,919),(31,8,3,1,920),(31,9,3,1,921),(31,10,3,1,922),(31,11,3,1,923),(31,12,3,1,924),(31,13,3,1,925),(31,14,3,1,926),(31,15,3,1,927),(31,16,3,1,928),(31,17,3,1,929),(31,18,3,1,930),(31,19,3,1,931),(31,20,3,1,932),(31,21,3,1,933),(31,22,3,1,934),(31,23,3,1,935),(31,24,3,1,936),(31,25,3,1,937),(31,26,3,1,938),(31,27,3,1,939),(31,28,3,1,940),(31,29,3,1,941),(31,30,3,1,942),(32,1,3,1,943),(32,2,3,1,944),(32,3,3,1,945),(32,4,3,1,946),(32,5,3,1,947),(32,6,3,1,948),(32,7,3,1,949),(32,8,3,1,950),(32,9,3,1,951),(32,10,3,1,952),(32,11,3,1,953),(32,12,3,1,954),(32,13,3,1,955),(32,14,3,1,956),(32,15,3,1,957),(32,16,3,1,958),(32,17,3,1,959),(32,18,3,1,960),(32,19,3,1,961),(32,20,3,1,962),(32,21,3,1,963),(32,22,3,1,964),(32,23,3,1,965),(32,24,3,1,966),(32,25,3,1,967),(32,26,3,1,968),(32,27,3,1,969),(32,28,3,1,970),(32,29,3,1,971),(32,30,3,1,972),(33,1,3,1,973),(33,2,3,1,974),(33,3,3,1,975),(33,4,3,1,976),(33,5,3,1,977),(33,6,3,1,978),(33,7,3,1,979),(33,8,3,1,980),(33,9,3,1,981),(33,10,3,1,982),(33,11,3,1,983),(33,12,3,1,984),(33,13,3,1,985),(33,14,3,1,986),(33,15,3,1,987),(33,16,3,1,988),(33,17,3,1,989),(33,18,3,1,990),(33,19,3,1,991),(33,20,3,1,992),(33,21,3,1,993),(33,22,3,1,994),(33,23,3,1,995),(33,24,3,1,996),(33,25,3,1,997),(33,26,3,1,998),(33,27,3,1,999),(33,28,3,1,1000),(33,29,3,1,1001),(33,30,3,1,1002),(34,1,3,1,1003),(34,2,3,1,1004),(34,3,3,1,1005),(34,4,3,1,1006),(34,5,3,1,1007),(34,6,3,1,1008),(34,7,3,1,1009),(34,8,3,1,1010),(34,9,3,1,1011),(34,10,3,1,1012),(34,11,3,1,1013),(34,12,3,1,1014),(34,13,3,1,1015),(34,14,3,1,1016),(34,15,3,1,1017),(34,16,3,1,1018),(34,17,3,1,1019),(34,18,3,1,1020),(34,19,3,1,1021),(34,20,3,1,1022),(34,21,3,1,1023),(34,22,3,1,1024),(34,23,3,1,1025),(34,24,3,1,1026),(34,25,3,1,1027),(34,26,3,1,1028),(34,27,3,1,1029),(34,28,3,1,1030),(34,29,3,1,1031),(34,30,3,1,1032),(35,1,3,1,1033),(35,2,3,1,1034),(35,3,3,1,1035),(35,4,3,1,1036),(35,5,3,1,1037),(35,6,3,1,1038),(35,7,3,1,1039),(35,8,3,1,1040),(35,9,3,1,1041),(35,10,3,1,1042),(35,11,3,1,1043),(35,12,3,1,1044),(35,13,3,1,1045),(35,14,3,1,1046),(35,15,3,1,1047),(35,16,3,1,1048),(35,17,3,1,1049),(35,18,3,1,1050),(35,19,3,1,1051),(35,20,3,1,1052),(35,21,3,1,1053),(35,22,3,1,1054),(35,23,3,1,1055),(35,24,3,1,1056),(35,25,3,1,1057),(35,26,3,1,1058),(35,27,3,1,1059),(35,28,3,1,1060),(35,29,3,1,1061),(35,30,3,1,1062),(36,1,3,1,1063),(36,2,3,1,1064),(36,3,3,1,1065),(36,4,3,1,1066),(36,5,3,1,1067),(36,6,3,1,1068),(36,7,3,1,1069),(36,8,3,1,1070),(36,9,3,1,1071),(36,10,3,1,1072),(36,11,3,1,1073),(36,12,3,1,1074),(36,13,3,1,1075),(36,14,3,1,1076),(36,15,3,1,1077),(36,16,3,1,1078),(36,17,3,1,1079),(36,18,3,1,1080),(36,19,3,1,1081),(36,20,3,1,1082),(36,21,3,1,1083),(36,22,3,1,1084),(36,23,3,1,1085),(36,24,3,1,1086),(36,25,3,1,1087),(36,26,3,1,1088),(36,27,3,1,1089),(36,28,3,1,1090),(36,29,3,1,1091),(36,30,3,1,1092),(37,1,3,1,1093),(37,2,3,1,1094),(37,3,3,1,1095),(37,4,3,1,1096),(37,5,3,1,1097),(37,6,3,1,1098),(37,7,3,1,1099),(37,8,3,1,1100),(37,9,3,1,1101),(37,10,3,1,1102),(37,11,3,1,1103),(37,12,3,1,1104),(37,13,3,1,1105),(37,14,3,1,1106),(37,15,3,1,1107),(37,16,3,1,1108),(37,17,3,1,1109),(37,18,3,1,1110),(37,19,3,1,1111),(37,20,3,1,1112),(37,21,3,1,1113),(37,22,3,1,1114),(37,23,3,1,1115),(37,24,3,1,1116),(37,25,3,1,1117),(37,26,3,1,1118),(37,27,3,1,1119),(37,28,3,1,1120),(37,29,3,1,1121),(37,30,3,1,1122),(38,1,3,1,1123),(38,2,3,1,1124),(38,3,3,1,1125),(38,4,3,1,1126),(38,5,3,1,1127),(38,6,3,1,1128),(38,7,3,1,1129),(38,8,3,1,1130),(38,9,3,1,1131),(38,10,3,1,1132),(38,11,3,1,1133),(38,12,3,1,1134),(38,13,3,1,1135),(38,14,3,1,1136),(38,15,3,1,1137),(38,16,3,1,1138),(38,17,3,1,1139),(38,18,3,1,1140),(38,19,3,1,1141),(38,20,3,1,1142),(38,21,3,1,1143),(38,22,3,1,1144),(38,23,3,1,1145),(38,24,3,1,1146),(38,25,3,1,1147),(38,26,3,1,1148),(38,27,3,1,1149),(38,28,3,1,1150),(38,29,3,1,1151),(38,30,3,1,1152),(39,1,3,1,1153),(39,2,3,1,1154),(39,3,3,1,1155),(39,4,3,1,1156),(39,5,3,1,1157),(39,6,3,1,1158),(39,7,3,1,1159),(39,8,3,1,1160),(39,9,3,1,1161),(39,10,3,1,1162),(39,11,3,1,1163),(39,12,3,1,1164),(39,13,3,1,1165),(39,14,3,1,1166),(39,15,3,1,1167),(39,16,3,1,1168),(39,17,3,1,1169),(39,18,3,1,1170),(39,19,3,1,1171),(39,20,3,1,1172),(39,21,3,1,1173),(39,22,3,1,1174),(39,23,3,1,1175),(39,24,3,1,1176),(39,25,3,1,1177),(39,26,3,1,1178),(39,27,3,1,1179),(39,28,3,1,1180),(39,29,3,1,1181),(39,30,3,1,1182),(40,1,3,1,1183),(40,2,3,1,1184),(40,3,3,1,1185),(40,4,3,1,1186),(40,5,3,1,1187),(40,6,3,1,1188),(40,7,3,1,1189),(40,8,3,1,1190),(40,9,3,1,1191),(40,10,3,1,1192),(40,11,3,1,1193),(40,12,3,1,1194),(40,13,3,1,1195),(40,14,3,1,1196),(40,15,3,1,1197),(40,16,3,1,1198),(40,17,3,1,1199),(40,18,3,1,1200),(40,19,3,1,1201),(40,20,3,1,1202),(40,21,3,1,1203),(40,22,3,1,1204),(40,23,3,1,1205),(40,24,3,1,1206),(40,25,3,1,1207),(40,26,3,1,1208),(40,27,3,1,1209),(40,28,3,1,1210),(40,29,3,1,1211),(40,30,3,1,1212),(41,1,3,1,1213),(41,2,3,1,1214),(41,3,3,1,1215),(41,4,3,1,1216),(41,5,3,1,1217),(41,6,3,1,1218),(41,7,3,1,1219),(41,8,3,1,1220),(41,9,3,1,1221),(41,10,3,1,1222),(41,11,3,1,1223),(41,12,3,1,1224),(41,13,3,1,1225),(41,14,3,1,1226),(41,15,3,1,1227),(41,16,3,1,1228),(41,17,3,1,1229),(41,18,3,1,1230),(41,19,3,1,1231),(41,20,3,1,1232),(41,21,3,1,1233),(41,22,3,1,1234),(41,23,3,1,1235),(41,24,3,1,1236),(41,25,3,1,1237),(41,26,3,1,1238),(41,27,3,1,1239),(41,28,3,1,1240),(41,29,3,1,1241),(41,30,3,1,1242),(42,1,3,1,1243),(42,2,3,1,1244),(42,3,3,1,1245),(42,4,3,1,1246),(42,5,3,1,1247),(42,6,3,1,1248),(42,7,3,1,1249),(42,8,3,1,1250),(42,9,3,1,1251),(42,10,3,1,1252),(42,11,3,1,1253),(42,12,3,1,1254),(42,13,3,1,1255),(42,14,3,1,1256),(42,15,3,1,1257),(42,16,3,1,1258),(42,17,3,1,1259),(42,18,3,1,1260),(42,19,3,1,1261),(42,20,3,1,1262),(42,21,3,1,1263),(42,22,3,1,1264),(42,23,3,1,1265),(42,24,3,1,1266),(42,25,3,1,1267),(42,26,3,1,1268),(42,27,3,1,1269),(42,28,3,1,1270),(42,29,3,1,1271),(42,30,3,1,1272),(43,1,3,1,1273),(43,2,3,1,1274),(43,3,3,1,1275),(43,4,3,1,1276),(43,5,3,1,1277),(43,6,3,1,1278),(43,7,3,1,1279),(43,8,3,1,1280),(43,9,3,1,1281),(43,10,3,1,1282),(43,11,3,1,1283),(43,12,3,1,1284),(43,13,3,1,1285),(43,14,3,1,1286),(43,15,3,1,1287),(43,16,3,1,1288),(43,17,3,1,1289),(43,18,3,1,1290),(43,19,3,1,1291),(43,20,3,1,1292),(43,21,3,1,1293),(43,22,3,1,1294),(43,23,3,1,1295),(43,24,3,1,1296),(43,25,3,1,1297),(43,26,3,1,1298),(43,27,3,1,1299),(43,28,3,1,1300),(43,29,3,1,1301),(43,30,3,1,1302),(44,1,3,1,1303),(44,2,3,1,1304),(44,3,3,1,1305),(44,4,3,1,1306),(44,5,3,1,1307),(44,6,3,1,1308),(44,7,3,1,1309),(44,8,3,1,1310),(44,9,3,1,1311),(44,10,3,1,1312),(44,11,3,1,1313),(44,12,3,1,1314),(44,13,3,1,1315),(44,14,3,1,1316),(44,15,3,1,1317),(44,16,3,1,1318),(44,17,3,1,1319),(44,18,3,1,1320),(44,19,3,1,1321),(44,20,3,1,1322),(44,21,3,1,1323),(44,22,3,1,1324),(44,23,3,1,1325),(44,24,3,1,1326),(44,25,3,1,1327),(44,26,3,1,1328),(44,27,3,1,1329),(44,28,3,1,1330),(44,29,3,1,1331),(44,30,3,1,1332),(45,1,3,1,1333),(45,2,3,1,1334),(45,3,3,1,1335),(45,4,3,1,1336),(45,5,3,1,1337),(45,6,3,1,1338),(45,7,3,1,1339),(45,8,3,1,1340),(45,9,3,1,1341),(45,10,3,1,1342),(45,11,3,1,1343),(45,12,3,1,1344),(45,13,3,1,1345),(45,14,3,1,1346),(45,15,3,1,1347),(45,16,3,1,1348),(45,17,3,1,1349),(45,18,3,1,1350),(45,19,3,1,1351),(45,20,3,1,1352),(45,21,3,1,1353),(45,22,3,1,1354),(45,23,3,1,1355),(45,24,3,1,1356),(45,25,3,1,1357),(45,26,3,1,1358),(45,27,3,1,1359),(45,28,3,1,1360),(45,29,3,1,1361),(45,30,3,1,1362),(46,1,3,1,1363),(46,2,3,1,1364),(46,3,3,1,1365),(46,4,3,1,1366),(46,5,3,1,1367),(46,6,3,1,1368),(46,7,3,1,1369),(46,8,3,1,1370),(46,9,3,1,1371),(46,10,3,1,1372),(46,11,3,1,1373),(46,12,3,1,1374),(46,13,3,1,1375),(46,14,3,1,1376),(46,15,3,1,1377),(46,16,3,1,1378),(46,17,3,1,1379),(46,18,3,1,1380),(46,19,3,1,1381),(46,20,3,1,1382),(46,21,3,1,1383),(46,22,3,1,1384),(46,23,3,1,1385),(46,24,3,1,1386),(46,25,3,1,1387),(46,26,3,1,1388),(46,27,3,1,1389),(46,28,3,1,1390),(46,29,3,1,1391),(46,30,3,1,1392),(47,1,3,1,1393),(47,2,3,1,1394),(47,3,3,1,1395),(47,4,3,1,1396),(47,5,3,1,1397),(47,6,3,1,1398),(47,7,3,1,1399),(47,8,3,1,1400),(47,9,3,1,1401),(47,10,3,1,1402),(47,11,3,1,1403),(47,12,3,1,1404),(47,13,3,1,1405),(47,14,3,1,1406),(47,15,3,1,1407),(47,16,3,1,1408),(47,17,3,1,1409),(47,18,3,1,1410),(47,19,3,1,1411),(47,20,3,1,1412),(47,21,3,1,1413),(47,22,3,1,1414),(47,23,3,1,1415),(47,24,3,1,1416),(47,25,3,1,1417),(47,26,3,1,1418),(47,27,3,1,1419),(47,28,3,1,1420),(47,29,3,1,1421),(47,30,3,1,1422),(48,1,3,1,1423),(48,2,3,1,1424),(48,3,3,1,1425),(48,4,3,1,1426),(48,5,3,1,1427),(48,6,3,1,1428),(48,7,3,1,1429),(48,8,3,1,1430),(48,9,3,1,1431),(48,10,3,1,1432),(48,11,3,1,1433),(48,12,3,1,1434),(48,13,3,1,1435),(48,14,3,1,1436),(48,15,3,1,1437),(48,16,3,1,1438),(48,17,3,1,1439),(48,18,3,1,1440),(48,19,3,1,1441),(48,20,3,1,1442),(48,21,3,1,1443),(48,22,3,1,1444),(48,23,3,1,1445),(48,24,3,1,1446),(48,25,3,1,1447),(48,26,3,1,1448),(48,27,3,1,1449),(48,28,3,1,1450),(48,29,3,1,1451),(48,30,3,1,1452),(49,1,3,1,1453),(49,2,3,1,1454),(49,3,3,1,1455),(49,4,3,1,1456),(49,5,3,1,1457),(49,6,3,1,1458),(49,7,3,1,1459),(49,8,3,1,1460),(49,9,3,1,1461),(49,10,3,1,1462),(49,11,3,1,1463),(49,12,3,1,1464),(49,13,3,1,1465),(49,14,3,1,1466),(49,15,3,1,1467),(49,16,3,1,1468),(49,17,3,1,1469),(49,18,3,1,1470),(49,19,3,1,1471),(49,20,3,1,1472),(49,21,3,1,1473),(49,22,3,1,1474),(49,23,3,1,1475),(49,24,3,1,1476),(49,25,3,1,1477),(49,26,3,1,1478),(49,27,3,1,1479),(49,28,3,1,1480),(49,29,3,1,1481),(49,30,3,1,1482),(50,1,3,1,1483),(50,2,3,1,1484),(50,3,3,1,1485),(50,4,3,1,1486),(50,5,3,1,1487),(50,6,3,1,1488),(50,7,3,1,1489),(50,8,3,1,1490),(50,9,3,1,1491),(50,10,3,1,1492),(50,11,3,1,1493),(50,12,3,1,1494),(50,13,3,1,1495),(50,14,3,1,1496),(50,15,3,1,1497),(50,16,3,1,1498),(50,17,3,1,1499),(50,18,3,1,1500),(50,19,3,1,1501),(50,20,3,1,1502),(50,21,3,1,1503),(50,22,3,1,1504),(50,23,3,1,1505),(50,24,3,1,1506),(50,25,3,1,1507),(50,26,3,1,1508),(50,27,3,1,1509),(50,28,3,1,1510),(50,29,3,1,1511),(50,30,3,1,1512),(51,1,3,1,1513),(51,2,3,1,1514),(51,3,3,1,1515),(51,4,3,1,1516),(51,5,3,1,1517),(51,6,3,1,1518),(51,7,3,1,1519),(51,8,3,1,1520),(51,9,3,1,1521),(51,10,3,1,1522),(51,11,3,1,1523),(51,12,3,1,1524),(51,13,3,1,1525),(51,14,3,1,1526),(51,15,3,1,1527),(51,16,3,1,1528),(51,17,3,1,1529),(51,18,3,1,1530),(51,19,3,1,1531),(51,20,3,1,1532),(51,21,3,1,1533),(51,22,3,1,1534),(51,23,3,1,1535),(51,24,3,1,1536),(51,25,3,1,1537),(51,26,3,1,1538),(51,27,3,1,1539),(51,28,3,1,1540),(51,29,3,1,1541),(51,30,3,1,1542),(52,1,3,1,1543),(52,2,3,1,1544),(52,3,3,1,1545),(52,4,3,1,1546),(52,5,3,1,1547),(52,6,3,1,1548),(52,7,3,1,1549),(52,8,3,1,1550),(52,9,3,1,1551),(52,10,3,1,1552),(52,11,3,1,1553),(52,12,3,1,1554),(52,13,3,1,1555),(52,14,3,1,1556),(52,15,3,1,1557),(52,16,3,1,1558),(52,17,3,1,1559),(52,18,3,1,1560),(52,19,3,1,1561),(52,20,3,1,1562),(52,21,3,1,1563),(52,22,3,1,1564),(52,23,3,1,1565),(52,24,3,1,1566),(52,25,3,1,1567),(52,26,3,1,1568),(52,27,3,1,1569),(52,28,3,1,1570),(52,29,3,1,1571),(52,30,3,1,1572),(53,1,3,1,1573),(53,2,3,1,1574),(53,3,3,1,1575),(53,4,3,1,1576),(53,5,3,1,1577),(53,6,3,1,1578),(53,7,3,1,1579),(53,8,3,1,1580),(53,9,3,1,1581),(53,10,3,1,1582),(53,11,3,1,1583),(53,12,3,1,1584),(53,13,3,1,1585),(53,14,3,1,1586),(53,15,3,1,1587),(53,16,3,1,1588),(53,17,3,1,1589),(53,18,3,1,1590),(53,19,3,1,1591),(53,20,3,1,1592),(53,21,3,1,1593),(53,22,3,1,1594),(53,23,3,1,1595),(53,24,3,1,1596),(53,25,3,1,1597),(53,26,3,1,1598),(53,27,3,1,1599),(53,28,3,1,1600),(53,29,3,1,1601),(53,30,3,1,1602),(54,1,3,1,1603),(54,2,3,1,1604),(54,3,3,1,1605),(54,4,3,1,1606),(54,5,3,1,1607),(54,6,3,1,1608),(54,7,3,1,1609),(54,8,3,1,1610),(54,9,3,1,1611),(54,10,3,1,1612),(54,11,3,1,1613),(54,12,3,1,1614),(54,13,3,1,1615),(54,14,3,1,1616),(54,15,3,1,1617),(54,16,3,1,1618),(54,17,3,1,1619),(54,18,3,1,1620),(54,19,3,1,1621),(54,20,3,1,1622),(54,21,3,1,1623),(54,22,3,1,1624),(54,23,3,1,1625),(54,24,3,1,1626),(54,25,3,1,1627),(54,26,3,1,1628),(54,27,3,1,1629),(54,28,3,1,1630),(54,29,3,1,1631),(54,30,3,1,1632),(55,1,3,1,1633),(55,2,3,1,1634),(55,3,3,1,1635),(55,4,3,1,1636),(55,5,3,1,1637),(55,6,3,1,1638),(55,7,3,1,1639),(55,8,3,1,1640),(55,9,3,1,1641),(55,10,3,1,1642),(55,11,3,1,1643),(55,12,3,1,1644),(55,13,3,1,1645),(55,14,3,1,1646),(55,15,3,1,1647),(55,16,3,1,1648),(55,17,3,1,1649),(55,18,3,1,1650),(55,19,3,1,1651),(55,20,3,1,1652),(55,21,3,1,1653),(55,22,3,1,1654),(55,23,3,1,1655),(55,24,3,1,1656),(55,25,3,1,1657),(55,26,3,1,1658),(55,27,3,1,1659),(55,28,3,1,1660),(55,29,3,1,1661),(55,30,3,1,1662),(56,1,3,1,1663),(56,2,3,1,1664),(56,3,3,1,1665),(56,4,3,1,1666),(56,5,3,1,1667),(56,6,3,1,1668),(56,7,3,1,1669),(56,8,3,1,1670),(56,9,3,1,1671),(56,10,3,1,1672),(56,11,3,1,1673),(56,12,3,1,1674),(56,13,3,1,1675),(56,14,3,1,1676),(56,15,3,1,1677),(56,16,3,1,1678),(56,17,3,1,1679),(56,18,3,1,1680),(56,19,3,1,1681),(56,20,3,1,1682),(56,21,3,1,1683),(56,22,3,1,1684),(56,23,3,1,1685),(56,24,3,1,1686),(56,25,3,1,1687),(56,26,3,1,1688),(56,27,3,1,1689),(56,28,3,1,1690),(56,29,3,1,1691),(56,30,3,1,1692),(57,1,3,1,1693),(57,2,3,1,1694),(57,3,3,1,1695),(57,4,3,1,1696),(57,5,3,1,1697),(57,6,3,1,1698),(57,7,3,1,1699),(57,8,3,1,1700),(57,9,3,1,1701),(57,10,3,1,1702),(57,11,3,1,1703),(57,12,3,1,1704),(57,13,3,1,1705),(57,14,3,1,1706),(57,15,3,1,1707),(57,16,3,1,1708),(57,17,3,1,1709),(57,18,3,1,1710),(57,19,3,1,1711),(57,20,3,1,1712),(57,21,3,1,1713),(57,22,3,1,1714),(57,23,3,1,1715),(57,24,3,1,1716),(57,25,3,1,1717),(57,26,3,1,1718),(57,27,3,1,1719),(57,28,3,1,1720),(57,29,3,1,1721),(57,30,3,1,1722),(58,1,3,1,1723),(58,2,3,1,1724),(58,3,3,1,1725),(58,4,3,1,1726),(58,5,3,1,1727),(58,6,3,1,1728),(58,7,3,1,1729),(58,8,3,1,1730),(58,9,3,1,1731),(58,10,3,1,1732),(58,11,3,1,1733),(58,12,3,1,1734),(58,13,3,1,1735),(58,14,3,1,1736),(58,15,3,1,1737),(58,16,3,1,1738),(58,17,3,1,1739),(58,18,3,1,1740),(58,19,3,1,1741),(58,20,3,1,1742),(58,21,3,1,1743),(58,22,3,1,1744),(58,23,3,1,1745),(58,24,3,1,1746),(58,25,3,1,1747),(58,26,3,1,1748),(58,27,3,1,1749),(58,28,3,1,1750),(58,29,3,1,1751),(58,30,3,1,1752),(59,1,3,1,1753),(59,2,3,1,1754),(59,3,3,1,1755),(59,4,3,1,1756),(59,5,3,1,1757),(59,6,3,1,1758),(59,7,3,1,1759),(59,8,3,1,1760),(59,9,3,1,1761),(59,10,3,1,1762),(59,11,3,1,1763),(59,12,3,1,1764),(59,13,3,1,1765),(59,14,3,1,1766),(59,15,3,1,1767),(59,16,3,1,1768),(59,17,3,1,1769),(59,18,3,1,1770),(59,19,3,1,1771),(59,20,3,1,1772),(59,21,3,1,1773),(59,22,3,1,1774),(59,23,3,1,1775),(59,24,3,1,1776),(59,25,3,1,1777),(59,26,3,1,1778),(59,27,3,1,1779),(59,28,3,1,1780),(59,29,3,1,1781),(59,30,3,1,1782),(60,1,3,1,1783),(60,2,3,1,1784),(60,3,3,1,1785),(60,4,3,1,1786),(60,5,3,1,1787),(60,6,3,1,1788),(60,7,3,1,1789),(60,8,3,1,1790),(60,9,3,1,1791),(60,10,3,1,1792),(60,11,3,1,1793),(60,12,3,1,1794),(60,13,3,1,1795),(60,14,3,1,1796),(60,15,3,1,1797),(60,16,3,1,1798),(60,17,3,1,1799),(60,18,3,1,1800),(60,19,3,1,1801),(60,20,3,1,1802),(60,21,3,1,1803),(60,22,3,1,1804),(60,23,3,1,1805),(60,24,3,1,1806),(60,25,3,1,1807),(60,26,3,1,1808),(60,27,3,1,1809),(60,28,3,1,1810),(60,29,3,1,1811),(60,30,3,1,1812),(61,1,3,1,1813),(61,2,3,1,1814),(61,3,3,1,1815),(61,4,3,1,1816),(61,5,3,1,1817),(61,6,3,1,1818),(61,7,3,1,1819),(61,8,3,1,1820),(61,9,3,1,1821),(61,10,3,1,1822),(61,11,3,1,1823),(61,12,3,1,1824),(61,13,3,1,1825),(61,14,3,1,1826),(61,15,3,1,1827),(61,16,3,1,1828),(61,17,3,1,1829),(61,18,3,1,1830),(61,19,3,1,1831),(61,20,3,1,1832),(61,21,3,1,1833),(61,22,3,1,1834),(61,23,3,1,1835),(61,24,3,1,1836),(61,25,3,1,1837),(61,26,3,1,1838),(61,27,3,1,1839),(61,28,3,1,1840),(61,29,3,1,1841),(61,30,3,1,1842),(62,1,3,1,1843),(62,2,3,1,1844),(62,3,3,1,1845),(62,4,3,1,1846),(62,5,3,1,1847),(62,6,3,1,1848),(62,7,3,1,1849),(62,8,3,1,1850),(62,9,3,1,1851),(62,10,3,1,1852),(62,11,3,1,1853),(62,12,3,1,1854),(62,13,3,1,1855),(62,14,3,1,1856),(62,15,3,1,1857),(62,16,3,1,1858),(62,17,3,1,1859),(62,18,3,1,1860),(62,19,3,1,1861),(62,20,3,1,1862),(62,21,3,1,1863),(62,22,3,1,1864),(62,23,3,1,1865),(62,24,3,1,1866),(62,25,3,1,1867),(62,26,3,1,1868),(62,27,3,1,1869),(62,28,3,1,1870),(62,29,3,1,1871),(62,30,3,1,1872),(63,1,3,1,1873),(63,2,3,1,1874),(63,3,3,1,1875),(63,4,3,1,1876),(63,5,3,1,1877),(63,6,3,1,1878),(63,7,3,1,1879),(63,8,3,1,1880),(63,9,3,1,1881),(63,10,3,1,1882),(63,11,3,1,1883),(63,12,3,1,1884),(63,13,3,1,1885),(63,14,3,1,1886),(63,15,3,1,1887),(63,16,3,1,1888),(63,17,3,1,1889),(63,18,3,1,1890),(63,19,3,1,1891),(63,20,3,1,1892),(63,21,3,1,1893),(63,22,3,1,1894),(63,23,3,1,1895),(63,24,3,1,1896),(63,25,3,1,1897),(63,26,3,1,1898),(63,27,3,1,1899),(63,28,3,1,1900),(63,29,3,1,1901),(63,30,3,1,1902),(64,1,3,1,1903),(64,2,3,1,1904),(64,3,3,1,1905),(64,4,3,1,1906),(64,5,3,1,1907),(64,6,3,1,1908),(64,7,3,1,1909),(64,8,3,1,1910),(64,9,3,1,1911),(64,10,3,1,1912),(64,11,3,1,1913),(64,12,3,1,1914),(64,13,3,1,1915),(64,14,3,1,1916),(64,15,3,1,1917),(64,16,3,1,1918),(64,17,3,1,1919),(64,18,3,1,1920),(64,19,3,1,1921),(64,20,3,1,1922),(64,21,3,1,1923),(64,22,3,1,1924),(64,23,3,1,1925),(64,24,3,1,1926),(64,25,3,1,1927),(64,26,3,1,1928),(64,27,3,1,1929),(64,28,3,1,1930),(64,29,3,1,1931),(64,30,3,1,1932),(65,1,3,1,1933),(65,2,3,1,1934),(65,3,3,1,1935),(65,4,3,1,1936),(65,5,3,1,1937),(65,6,3,1,1938),(65,7,3,1,1939),(65,8,3,1,1940),(65,9,3,1,1941),(65,10,3,1,1942),(65,11,3,1,1943),(65,12,3,1,1944),(65,13,3,1,1945),(65,14,3,1,1946),(65,15,3,1,1947),(65,16,3,1,1948),(65,17,3,1,1949),(65,18,3,1,1950),(65,19,3,1,1951),(65,20,3,1,1952),(65,21,3,1,1953),(65,22,3,1,1954),(65,23,3,1,1955),(65,24,3,1,1956),(65,25,3,1,1957),(65,26,3,1,1958),(65,27,3,1,1959),(65,28,3,1,1960),(65,29,3,1,1961),(65,30,3,1,1962),(66,1,3,1,1963),(66,2,3,1,1964),(66,3,3,1,1965),(66,4,3,1,1966),(66,5,3,1,1967),(66,6,3,1,1968),(66,7,3,1,1969),(66,8,3,1,1970),(66,9,3,1,1971),(66,10,3,1,1972),(66,11,3,1,1973),(66,12,3,1,1974),(66,13,3,1,1975),(66,14,3,1,1976),(66,15,3,1,1977),(66,16,3,1,1978),(66,17,3,1,1979),(66,18,3,1,1980),(66,19,3,1,1981),(66,20,3,1,1982),(66,21,3,1,1983),(66,22,3,1,1984),(66,23,3,1,1985),(66,24,3,1,1986),(66,25,3,1,1987),(66,26,3,1,1988),(66,27,3,1,1989),(66,28,3,1,1990),(66,29,3,1,1991),(66,30,3,1,1992),(67,1,3,1,1993),(67,2,3,1,1994),(67,3,3,1,1995),(67,4,3,1,1996),(67,5,3,1,1997),(67,6,3,1,1998),(67,7,3,1,1999),(67,8,3,1,2000),(67,9,3,1,2001),(67,10,3,1,2002),(67,11,3,1,2003),(67,12,3,1,2004),(67,13,3,1,2005),(67,14,3,1,2006),(67,15,3,1,2007),(67,16,3,1,2008),(67,17,3,1,2009),(67,18,3,1,2010),(67,19,3,1,2011),(67,20,3,1,2012),(67,21,3,1,2013),(67,22,3,1,2014),(67,23,3,1,2015),(67,24,3,1,2016),(67,25,3,1,2017),(67,26,3,1,2018),(67,27,3,1,2019),(67,28,3,1,2020),(67,29,3,1,2021),(67,30,3,1,2022),(68,1,3,1,2023),(68,2,3,1,2024),(68,3,3,1,2025),(68,4,3,1,2026),(68,5,3,1,2027),(68,6,3,1,2028),(68,7,3,1,2029),(68,8,3,1,2030),(68,9,3,1,2031),(68,10,3,1,2032),(68,11,3,1,2033),(68,12,3,1,2034),(68,13,3,1,2035),(68,14,3,1,2036),(68,15,3,1,2037),(68,16,3,1,2038),(68,17,3,1,2039),(68,18,3,1,2040),(68,19,3,1,2041),(68,20,3,1,2042),(68,21,3,1,2043),(68,22,3,1,2044),(68,23,3,1,2045),(68,24,3,1,2046),(68,25,3,1,2047),(68,26,3,1,2048),(68,27,3,1,2049),(68,28,3,1,2050),(68,29,3,1,2051),(68,30,3,1,2052),(69,1,3,1,2053),(69,2,3,1,2054),(69,3,3,1,2055),(69,4,3,1,2056),(69,5,3,1,2057),(69,6,3,1,2058),(69,7,3,1,2059),(69,8,3,1,2060),(69,9,3,1,2061),(69,10,3,1,2062),(69,11,3,1,2063),(69,12,3,1,2064),(69,13,3,1,2065),(69,14,3,1,2066),(69,15,3,1,2067),(69,16,3,1,2068),(69,17,3,1,2069),(69,18,3,1,2070),(69,19,3,1,2071),(69,20,3,1,2072),(69,21,3,1,2073),(69,22,3,1,2074),(69,23,3,1,2075),(69,24,3,1,2076),(69,25,3,1,2077),(69,26,3,1,2078),(69,27,3,1,2079),(69,28,3,1,2080),(69,29,3,1,2081),(69,30,3,1,2082),(70,1,3,1,2083),(70,2,3,1,2084),(70,3,3,1,2085),(70,4,3,1,2086),(70,5,3,1,2087),(70,6,3,1,2088),(70,7,3,1,2089),(70,8,3,1,2090),(70,9,3,1,2091),(70,10,3,1,2092),(70,11,3,1,2093),(70,12,3,1,2094),(70,13,3,1,2095),(70,14,3,1,2096),(70,15,3,1,2097),(70,16,3,1,2098),(70,17,3,1,2099),(70,18,3,1,2100),(70,19,3,1,2101),(70,20,3,1,2102),(70,21,3,1,2103),(70,22,3,1,2104),(70,23,3,1,2105),(70,24,3,1,2106),(70,25,3,1,2107),(70,26,3,1,2108),(70,27,3,1,2109),(70,28,3,1,2110),(70,29,3,1,2111),(70,30,3,1,2112),(71,1,3,1,2113),(71,2,3,1,2114),(71,3,3,1,2115),(71,4,3,1,2116),(71,5,3,1,2117),(71,6,3,1,2118),(71,7,3,1,2119),(71,8,3,1,2120),(71,9,3,1,2121),(71,10,3,1,2122),(71,11,3,1,2123),(71,12,3,1,2124),(71,13,3,1,2125),(71,14,3,1,2126),(71,15,3,1,2127),(71,16,3,1,2128),(71,17,3,1,2129),(71,18,3,1,2130),(71,19,3,1,2131),(71,20,3,1,2132),(71,21,3,1,2133),(71,22,3,1,2134),(71,23,3,1,2135),(71,24,3,1,2136),(71,25,3,1,2137),(71,26,3,1,2138),(71,27,3,1,2139),(71,28,3,1,2140),(71,29,3,1,2141),(71,30,3,1,2142),(72,1,3,1,2143),(72,2,3,1,2144),(72,3,3,1,2145),(72,4,3,1,2146),(72,5,3,1,2147),(72,6,3,1,2148),(72,7,3,1,2149),(72,8,3,1,2150),(72,9,3,1,2151),(72,10,3,1,2152),(72,11,3,1,2153),(72,12,3,1,2154),(72,13,3,1,2155),(72,14,3,1,2156),(72,15,3,1,2157),(72,16,3,1,2158),(72,17,3,1,2159),(72,18,3,1,2160),(72,19,3,1,2161),(72,20,3,1,2162),(72,21,3,1,2163),(72,22,3,1,2164),(72,23,3,1,2165),(72,24,3,1,2166),(72,25,3,1,2167),(72,26,3,1,2168),(72,27,3,1,2169),(72,28,3,1,2170),(72,29,3,1,2171),(72,30,3,1,2172),(73,1,3,1,2173),(73,2,3,1,2174),(73,3,3,1,2175),(73,4,3,1,2176),(73,5,3,1,2177),(73,6,3,1,2178),(73,7,3,1,2179),(73,8,3,1,2180),(73,9,3,1,2181),(73,10,3,1,2182),(73,11,3,1,2183),(73,12,3,1,2184),(73,13,3,1,2185),(73,14,3,1,2186),(73,15,3,1,2187),(73,16,3,1,2188),(73,17,3,1,2189),(73,18,3,1,2190),(73,19,3,1,2191),(73,20,3,1,2192),(73,21,3,1,2193),(73,22,3,1,2194),(73,23,3,1,2195),(73,24,3,1,2196),(73,25,3,1,2197),(73,26,3,1,2198),(73,27,3,1,2199),(73,28,3,1,2200),(73,29,3,1,2201),(73,30,3,1,2202),(74,1,3,1,2203),(74,2,3,1,2204),(74,3,3,1,2205),(74,4,3,1,2206),(74,5,3,1,2207),(74,6,3,1,2208),(74,7,3,1,2209),(74,8,3,1,2210),(74,9,3,1,2211),(74,10,3,1,2212),(74,11,3,1,2213),(74,12,3,1,2214),(74,13,3,1,2215),(74,14,3,1,2216),(74,15,3,1,2217),(74,16,3,1,2218),(74,17,3,1,2219),(74,18,3,1,2220),(74,19,3,1,2221),(74,20,3,1,2222),(74,21,3,1,2223),(74,22,3,1,2224),(74,23,3,1,2225),(74,24,3,1,2226),(74,25,3,1,2227),(74,26,3,1,2228),(74,27,3,1,2229),(74,28,3,1,2230),(74,29,3,1,2231),(74,30,3,1,2232),(75,1,3,1,2233),(75,2,3,1,2234),(75,3,3,1,2235),(75,4,3,1,2236),(75,5,3,1,2237),(75,6,3,1,2238),(75,7,3,1,2239),(75,8,3,1,2240),(75,9,3,1,2241),(75,10,3,1,2242),(75,11,3,1,2243),(75,12,3,1,2244),(75,13,3,1,2245),(75,14,3,1,2246),(75,15,3,1,2247),(75,16,3,1,2248),(75,17,3,1,2249),(75,18,3,1,2250),(75,19,3,1,2251),(75,20,3,1,2252),(75,21,3,1,2253),(75,22,3,1,2254),(75,23,3,1,2255),(75,24,3,1,2256),(75,25,3,1,2257),(75,26,3,1,2258),(75,27,3,1,2259),(75,28,3,1,2260),(75,29,3,1,2261),(75,30,3,1,2262),(76,1,3,1,2263),(76,2,3,1,2264),(76,3,3,1,2265),(76,4,3,1,2266),(76,5,3,1,2267),(76,6,3,1,2268),(76,7,3,1,2269),(76,8,3,1,2270),(76,9,3,1,2271),(76,10,3,1,2272),(76,11,3,1,2273),(76,12,3,1,2274),(76,13,3,1,2275),(76,14,3,1,2276),(76,15,3,1,2277),(76,16,3,1,2278),(76,17,3,1,2279),(76,18,3,1,2280),(76,19,3,1,2281),(76,20,3,1,2282),(76,21,3,1,2283),(76,22,3,1,2284),(76,23,3,1,2285),(76,24,3,1,2286),(76,25,3,1,2287),(76,26,3,1,2288),(76,27,3,1,2289),(76,28,3,1,2290),(76,29,3,1,2291),(76,30,3,1,2292),(77,1,3,1,2293),(77,2,3,1,2294),(77,3,3,1,2295),(77,4,3,1,2296),(77,5,3,1,2297),(77,6,3,1,2298),(77,7,3,1,2299),(77,8,3,1,2300),(77,9,3,1,2301),(77,10,3,1,2302),(77,11,3,1,2303),(77,12,3,1,2304),(77,13,3,1,2305),(77,14,3,1,2306),(77,15,3,1,2307),(77,16,3,1,2308),(77,17,3,1,2309),(77,18,3,1,2310),(77,19,3,1,2311),(77,20,3,1,2312),(77,21,3,1,2313),(77,22,3,1,2314),(77,23,3,1,2315),(77,24,3,1,2316),(77,25,3,1,2317),(77,26,3,1,2318),(77,27,3,1,2319),(77,28,3,1,2320),(77,29,3,1,2321),(77,30,3,1,2322),(78,1,3,1,2323),(78,2,3,1,2324),(78,3,3,1,2325),(78,4,3,1,2326),(78,5,3,1,2327),(78,6,3,1,2328),(78,7,3,1,2329),(78,8,3,1,2330),(78,9,3,1,2331),(78,10,3,1,2332),(78,11,3,1,2333),(78,12,3,1,2334),(78,13,3,1,2335),(78,14,3,1,2336),(78,15,3,1,2337),(78,16,3,1,2338),(78,17,3,1,2339),(78,18,3,1,2340),(78,19,3,1,2341),(78,20,3,1,2342),(78,21,3,1,2343),(78,22,3,1,2344),(78,23,3,1,2345),(78,24,3,1,2346),(78,25,3,1,2347),(78,26,3,1,2348),(78,27,3,1,2349),(78,28,3,1,2350),(78,29,3,1,2351),(78,30,3,1,2352),(79,1,3,1,2353),(79,2,3,1,2354),(79,3,3,1,2355),(79,4,3,1,2356),(79,5,3,1,2357),(79,6,3,1,2358),(79,7,3,1,2359),(79,8,3,1,2360),(79,9,3,1,2361),(79,10,3,1,2362),(79,11,3,1,2363),(79,12,3,1,2364),(79,13,3,1,2365),(79,14,3,1,2366),(79,15,3,1,2367),(79,16,3,1,2368),(79,17,3,1,2369),(79,18,3,1,2370),(79,19,3,1,2371),(79,20,3,1,2372),(79,21,3,1,2373),(79,22,3,1,2374),(79,23,3,1,2375),(79,24,3,1,2376),(79,25,3,1,2377),(79,26,3,1,2378),(79,27,3,1,2379),(79,28,3,1,2380),(79,29,3,1,2381),(79,30,3,1,2382),(80,1,3,1,2383),(80,2,3,1,2384),(80,3,3,1,2385),(80,4,3,1,2386),(80,5,3,1,2387),(80,6,3,1,2388),(80,7,3,1,2389),(80,8,3,1,2390),(80,9,3,1,2391),(80,10,3,1,2392),(80,11,3,1,2393),(80,12,3,1,2394),(80,13,3,1,2395),(80,14,3,1,2396),(80,15,3,1,2397),(80,16,3,1,2398),(80,17,3,1,2399),(80,18,3,1,2400),(80,19,3,1,2401),(80,20,3,1,2402),(80,21,3,1,2403),(80,22,3,1,2404),(80,23,3,1,2405),(80,24,3,1,2406),(80,25,3,1,2407),(80,26,3,1,2408),(80,27,3,1,2409),(80,28,3,1,2410),(80,29,3,1,2411),(80,30,3,1,2412),(81,1,3,1,2413),(81,2,3,1,2414),(81,3,3,1,2415),(81,4,3,1,2416),(81,5,3,1,2417),(81,6,3,1,2418),(81,7,3,1,2419),(81,8,3,1,2420),(81,9,3,1,2421),(81,10,3,1,2422),(81,11,3,1,2423),(81,12,3,1,2424),(81,13,3,1,2425),(81,14,3,1,2426),(81,15,3,1,2427),(81,16,3,1,2428),(81,17,3,1,2429),(81,18,3,1,2430),(81,19,3,1,2431),(81,20,3,1,2432),(81,21,3,1,2433),(81,22,3,1,2434),(81,23,3,1,2435),(81,24,3,1,2436),(81,25,3,1,2437),(81,26,3,1,2438),(81,27,3,1,2439),(81,28,3,1,2440),(81,29,3,1,2441),(81,30,3,1,2442),(82,1,3,1,2443),(82,2,3,1,2444),(82,3,3,1,2445),(82,4,3,1,2446),(82,5,3,1,2447),(82,6,3,1,2448),(82,7,3,1,2449),(82,8,3,1,2450),(82,9,3,1,2451),(82,10,3,1,2452),(82,11,3,1,2453),(82,12,3,1,2454),(82,13,3,1,2455),(82,14,3,1,2456),(82,15,3,1,2457),(82,16,3,1,2458),(82,17,3,1,2459),(82,18,3,1,2460),(82,19,3,1,2461),(82,20,3,1,2462),(82,21,3,1,2463),(82,22,3,1,2464),(82,23,3,1,2465),(82,24,3,1,2466),(82,25,3,1,2467),(82,26,3,1,2468),(82,27,3,1,2469),(82,28,3,1,2470),(82,29,3,1,2471),(82,30,3,1,2472),(83,1,3,1,2473),(83,2,3,1,2474),(83,3,3,1,2475),(83,4,3,1,2476),(83,5,3,1,2477),(83,6,3,1,2478),(83,7,3,1,2479),(83,8,3,1,2480),(83,9,3,1,2481),(83,10,3,1,2482),(83,11,3,1,2483),(83,12,3,1,2484),(83,13,3,1,2485),(83,14,3,1,2486),(83,15,3,1,2487),(83,16,3,1,2488),(83,17,3,1,2489),(83,18,3,1,2490),(83,19,3,1,2491),(83,20,3,1,2492),(83,21,3,1,2493),(83,22,3,1,2494),(83,23,3,1,2495),(83,24,3,1,2496),(83,25,3,1,2497),(83,26,3,1,2498),(83,27,3,1,2499),(83,28,3,1,2500),(83,29,3,1,2501),(83,30,3,1,2502),(84,1,3,1,2503),(84,2,3,1,2504),(84,3,3,1,2505),(84,4,3,1,2506),(84,5,3,1,2507),(84,6,3,1,2508),(84,7,3,1,2509),(84,8,3,1,2510),(84,9,3,1,2511),(84,10,3,1,2512),(84,11,3,1,2513),(84,12,3,1,2514),(84,13,3,1,2515),(84,14,3,1,2516),(84,15,3,1,2517),(84,16,3,1,2518),(84,17,3,1,2519),(84,18,3,1,2520),(84,19,3,1,2521),(84,20,3,1,2522),(84,21,3,1,2523),(84,22,3,1,2524),(84,23,3,1,2525),(84,24,3,1,2526),(84,25,3,1,2527),(84,26,3,1,2528),(84,27,3,1,2529),(84,28,3,1,2530),(84,29,3,1,2531),(84,30,3,1,2532),(85,1,3,1,2533),(85,2,3,1,2534),(85,3,3,1,2535),(85,4,3,1,2536),(85,5,3,1,2537),(85,6,3,1,2538),(85,7,3,1,2539),(85,8,3,1,2540),(85,9,3,1,2541),(85,10,3,1,2542),(85,11,3,1,2543),(85,12,3,1,2544),(85,13,3,1,2545),(85,14,3,1,2546),(85,15,3,1,2547),(85,16,3,1,2548),(85,17,3,1,2549),(85,18,3,1,2550),(85,19,3,1,2551),(85,20,3,1,2552),(85,21,3,1,2553),(85,22,3,1,2554),(85,23,3,1,2555),(85,24,3,1,2556),(85,25,3,1,2557),(85,26,3,1,2558),(85,27,3,1,2559),(85,28,3,1,2560),(85,29,3,1,2561),(85,30,3,1,2562),(86,1,3,1,2563),(86,2,3,1,2564),(86,3,3,1,2565),(86,4,3,1,2566),(86,5,3,1,2567),(86,6,3,1,2568),(86,7,3,1,2569),(86,8,3,1,2570),(86,9,3,1,2571),(86,10,3,1,2572),(86,11,3,1,2573),(86,12,3,1,2574),(86,13,3,1,2575),(86,14,3,1,2576),(86,15,3,1,2577),(86,16,3,1,2578),(86,17,3,1,2579),(86,18,3,1,2580),(86,19,3,1,2581),(86,20,3,1,2582),(86,21,3,1,2583),(86,22,3,1,2584),(86,23,3,1,2585),(86,24,3,1,2586),(86,25,3,1,2587),(86,26,3,1,2588),(86,27,3,1,2589),(86,28,3,1,2590),(86,29,3,1,2591),(86,30,3,1,2592),(87,1,3,1,2593),(87,2,3,1,2594),(87,3,3,1,2595),(87,4,3,1,2596),(87,5,3,1,2597),(87,6,3,1,2598),(87,7,3,1,2599),(87,8,3,1,2600),(87,9,3,1,2601),(87,10,3,1,2602),(87,11,3,1,2603),(87,12,3,1,2604),(87,13,3,1,2605),(87,14,3,1,2606),(87,15,3,1,2607),(87,16,3,1,2608),(87,17,3,1,2609),(87,18,3,1,2610),(87,19,3,1,2611),(87,20,3,1,2612),(87,21,3,1,2613),(87,22,3,1,2614),(87,23,3,1,2615),(87,24,3,1,2616),(87,25,3,1,2617),(87,26,3,1,2618),(87,27,3,1,2619),(87,28,3,1,2620),(87,29,3,1,2621),(87,30,3,1,2622),(88,1,3,1,2623),(88,2,3,1,2624),(88,3,3,1,2625),(88,4,3,1,2626),(88,5,3,1,2627),(88,6,3,1,2628),(88,7,3,1,2629),(88,8,3,1,2630),(88,9,3,1,2631),(88,10,3,1,2632),(88,11,3,1,2633),(88,12,3,1,2634),(88,13,3,1,2635),(88,14,3,1,2636),(88,15,3,1,2637),(88,16,3,1,2638),(88,17,3,1,2639),(88,18,3,1,2640),(88,19,3,1,2641),(88,20,3,1,2642),(88,21,3,1,2643),(88,22,3,1,2644),(88,23,3,1,2645),(88,24,3,1,2646),(88,25,3,1,2647),(88,26,3,1,2648),(88,27,3,1,2649),(88,28,3,1,2650),(88,29,3,1,2651),(88,30,3,1,2652),(89,1,3,1,2653),(89,2,3,1,2654),(89,3,3,1,2655),(89,4,3,1,2656),(89,5,3,1,2657),(89,6,3,1,2658),(89,7,3,1,2659),(89,8,3,1,2660),(89,9,3,1,2661),(89,10,3,1,2662),(89,11,3,1,2663),(89,12,3,1,2664),(89,13,3,1,2665),(89,14,3,1,2666),(89,15,3,1,2667),(89,16,3,1,2668),(89,17,3,1,2669),(89,18,3,1,2670),(89,19,3,1,2671),(89,20,3,1,2672),(89,21,3,1,2673),(89,22,3,1,2674),(89,23,3,1,2675),(89,24,3,1,2676),(89,25,3,1,2677),(89,26,3,1,2678),(89,27,3,1,2679),(89,28,3,1,2680),(89,29,3,1,2681),(89,30,3,1,2682),(90,1,3,1,2683),(90,2,3,1,2684),(90,3,3,1,2685),(90,4,3,1,2686),(90,5,3,1,2687),(90,6,3,1,2688),(90,7,3,1,2689),(90,8,3,1,2690),(90,9,3,1,2691),(90,10,3,1,2692),(90,11,3,1,2693),(90,12,3,1,2694),(90,13,3,1,2695),(90,14,3,1,2696),(90,15,3,1,2697),(90,16,3,1,2698),(90,17,3,1,2699),(90,18,3,1,2700),(90,19,3,1,2701),(90,20,3,1,2702),(90,21,3,1,2703),(90,22,3,1,2704),(90,23,3,1,2705),(90,24,3,1,2706),(90,25,3,1,2707),(90,26,3,1,2708),(90,27,3,1,2709),(90,28,3,1,2710),(90,29,3,1,2711),(90,30,3,1,2712),(91,1,3,1,2713),(91,2,3,1,2714),(91,3,3,1,2715),(91,4,3,1,2716),(91,5,3,1,2717),(91,6,3,1,2718),(91,7,3,1,2719),(91,8,3,1,2720),(91,9,3,1,2721),(91,10,3,1,2722),(91,11,3,1,2723),(91,12,3,1,2724),(91,13,3,1,2725),(91,14,3,1,2726),(91,15,3,1,2727),(91,16,3,1,2728),(91,17,3,1,2729),(91,18,3,1,2730),(91,19,3,1,2731),(91,20,3,1,2732),(91,21,3,1,2733),(91,22,3,1,2734),(91,23,3,1,2735),(91,24,3,1,2736),(91,25,3,1,2737),(91,26,3,1,2738),(91,27,3,1,2739),(91,28,3,1,2740),(91,29,3,1,2741),(91,30,3,1,2742),(92,1,3,1,2743),(92,2,3,1,2744),(92,3,3,1,2745),(92,4,3,1,2746),(92,5,3,1,2747),(92,6,3,1,2748),(92,7,3,1,2749),(92,8,3,1,2750),(92,9,3,1,2751),(92,10,3,1,2752),(92,11,3,1,2753),(92,12,3,1,2754),(92,13,3,1,2755),(92,14,3,1,2756),(92,15,3,1,2757),(92,16,3,1,2758),(92,17,3,1,2759),(92,18,3,1,2760),(92,19,3,1,2761),(92,20,3,1,2762),(92,21,3,1,2763),(92,22,3,1,2764),(92,23,3,1,2765),(92,24,3,1,2766),(92,25,3,1,2767),(92,26,3,1,2768),(92,27,3,1,2769),(92,28,3,1,2770),(92,29,3,1,2771),(92,30,3,1,2772),(93,1,3,1,2773),(93,2,3,1,2774),(93,3,3,1,2775),(93,4,3,1,2776),(93,5,3,1,2777),(93,6,3,1,2778),(93,7,3,1,2779),(93,8,3,1,2780),(93,9,3,1,2781),(93,10,3,1,2782),(93,11,3,1,2783),(93,12,3,1,2784),(93,13,3,1,2785),(93,14,3,1,2786),(93,15,3,1,2787),(93,16,3,1,2788),(93,17,3,1,2789),(93,18,3,1,2790),(93,19,3,1,2791),(93,20,3,1,2792),(93,21,3,1,2793),(93,22,3,1,2794),(93,23,3,1,2795),(93,24,3,1,2796),(93,25,3,1,2797),(93,26,3,1,2798),(93,27,3,1,2799),(93,28,3,1,2800),(93,29,3,1,2801),(93,30,3,1,2802),(94,1,3,1,2803),(94,2,3,1,2804),(94,3,3,1,2805),(94,4,3,1,2806),(94,5,3,1,2807),(94,6,3,1,2808),(94,7,3,1,2809),(94,8,3,1,2810),(94,9,3,1,2811),(94,10,3,1,2812),(94,11,3,1,2813),(94,12,3,1,2814),(94,13,3,1,2815),(94,14,3,1,2816),(94,15,3,1,2817),(94,16,3,1,2818),(94,17,3,1,2819),(94,18,3,1,2820),(94,19,3,1,2821),(94,20,3,1,2822),(94,21,3,1,2823),(94,22,3,1,2824),(94,23,3,1,2825),(94,24,3,1,2826),(94,25,3,1,2827),(94,26,3,1,2828),(94,27,3,1,2829),(94,28,3,1,2830),(94,29,3,1,2831),(94,30,3,1,2832),(95,1,3,1,2833),(95,2,3,1,2834),(95,3,3,1,2835),(95,4,3,1,2836),(95,5,3,1,2837),(95,6,3,1,2838),(95,7,3,1,2839),(95,8,3,1,2840),(95,9,3,1,2841),(95,10,3,1,2842),(95,11,3,1,2843),(95,12,3,1,2844),(95,13,3,1,2845),(95,14,3,1,2846),(95,15,3,1,2847),(95,16,3,1,2848),(95,17,3,1,2849),(95,18,3,1,2850),(95,19,3,1,2851),(95,20,3,1,2852),(95,21,3,1,2853),(95,22,3,1,2854),(95,23,3,1,2855),(95,24,3,1,2856),(95,25,3,1,2857),(95,26,3,1,2858),(95,27,3,1,2859),(95,28,3,1,2860),(95,29,3,1,2861),(95,30,3,1,2862),(96,1,3,1,2863),(96,2,3,1,2864),(96,3,3,1,2865),(96,4,3,1,2866),(96,5,3,1,2867),(96,6,3,1,2868),(96,7,3,1,2869),(96,8,3,1,2870),(96,9,3,1,2871),(96,10,3,1,2872),(96,11,3,1,2873),(96,12,3,1,2874),(96,13,3,1,2875),(96,14,3,1,2876),(96,15,3,1,2877),(96,16,3,1,2878),(96,17,3,1,2879),(96,18,3,1,2880),(96,19,3,1,2881),(96,20,3,1,2882),(96,21,3,1,2883),(96,22,3,1,2884),(96,23,3,1,2885),(96,24,3,1,2886),(96,25,3,1,2887),(96,26,3,1,2888),(96,27,3,1,2889),(96,28,3,1,2890),(96,29,3,1,2891),(96,30,3,1,2892);
/*!40000 ALTER TABLE `FechaHora` ENABLE KEYS */;
UNLOCK TABLES;

--
-- Table structure for table `Hora`
--

DROP TABLE IF EXISTS `Hora`;
/*!40101 SET @saved_cs_client     = @@character_set_client */;
/*!50503 SET character_set_client = utf8mb4 */;
CREATE TABLE `Hora` (
  `idHora` int NOT NULL AUTO_INCREMENT,
  `hora` varchar(5) NOT NULL,
  PRIMARY KEY (`idHora`)
) ENGINE=InnoDB AUTO_INCREMENT=31 DEFAULT CHARSET=utf8mb4 COLLATE=utf8mb4_0900_ai_ci;
/*!40101 SET character_set_client = @saved_cs_client */;

--
-- Dumping data for table `Hora`
--

LOCK TABLES `Hora` WRITE;
/*!40000 ALTER TABLE `Hora` DISABLE KEYS */;
INSERT INTO `Hora` VALUES (1,'08:00'),(2,'08:30'),(3,'09:00'),(4,'09:30'),(5,'10:00'),(6,'10:30'),(7,'11:00'),(8,'11:30'),(9,'12:00'),(10,'12:30'),(11,'13:00'),(12,'13:30'),(13,'14:00'),(14,'14:30'),(15,'15:00'),(16,'15:30'),(17,'16:00'),(18,'16:30'),(19,'17:00'),(20,'17:30'),(21,'18:00'),(22,'18:30'),(23,'19:00'),(24,'19:30'),(25,'20:00'),(26,'21:30'),(27,'22:00'),(28,'22:30'),(29,'23:00'),(30,'23:30');
/*!40000 ALTER TABLE `Hora` ENABLE KEYS */;
UNLOCK TABLES;

--
-- Table structure for table `mascota`
--

DROP TABLE IF EXISTS `mascota`;
/*!40101 SET @saved_cs_client     = @@character_set_client */;
/*!50503 SET character_set_client = utf8mb4 */;
CREATE TABLE `mascota` (
  `idMascota` int NOT NULL AUTO_INCREMENT,
  `nombre` varchar(255) DEFAULT NULL,
  `fechaDeNacimiento` date DEFAULT NULL,
  `color` varchar(50) DEFAULT NULL,
  `peso` decimal(10,2) DEFAULT NULL,
  `idDuenio` int DEFAULT NULL,
  PRIMARY KEY (`idMascota`),
  KEY `idDuenio` (`idDuenio`),
  CONSTRAINT `mascota_ibfk_1` FOREIGN KEY (`idDuenio`) REFERENCES `dueno` (`idDuenio`) ON UPDATE CASCADE
) ENGINE=InnoDB AUTO_INCREMENT=3 DEFAULT CHARSET=utf8mb4 COLLATE=utf8mb4_0900_ai_ci;
/*!40101 SET character_set_client = @saved_cs_client */;

--
-- Dumping data for table `mascota`
--

LOCK TABLES `mascota` WRITE;
/*!40000 ALTER TABLE `mascota` DISABLE KEYS */;
INSERT INTO `mascota` VALUES (2,'Nala','2018-09-08','Dorada',5.00,2);
/*!40000 ALTER TABLE `mascota` ENABLE KEYS */;
UNLOCK TABLES;

--
-- Table structure for table `producto`
--

DROP TABLE IF EXISTS `producto`;
/*!40101 SET @saved_cs_client     = @@character_set_client */;
/*!50503 SET character_set_client = utf8mb4 */;
CREATE TABLE `producto` (
  `idProducto` int NOT NULL AUTO_INCREMENT,
  `nombre` varchar(255) DEFAULT NULL,
  `existencia` int DEFAULT NULL,
  `marca` varchar(255) DEFAULT NULL,
  `precio` decimal(10,2) DEFAULT NULL,
  `tipo` varchar(100) DEFAULT NULL,
  `especie` varchar(100) DEFAULT NULL,
  PRIMARY KEY (`idProducto`)
) ENGINE=InnoDB DEFAULT CHARSET=utf8mb4 COLLATE=utf8mb4_0900_ai_ci;
/*!40101 SET character_set_client = @saved_cs_client */;

--
-- Dumping data for table `producto`
--

LOCK TABLES `producto` WRITE;
/*!40000 ALTER TABLE `producto` DISABLE KEYS */;
/*!40000 ALTER TABLE `producto` ENABLE KEYS */;
UNLOCK TABLES;

--
-- Table structure for table `Secretaria`
--

DROP TABLE IF EXISTS `Secretaria`;
/*!40101 SET @saved_cs_client     = @@character_set_client */;
/*!50503 SET character_set_client = utf8mb4 */;
CREATE TABLE `Secretaria` (
  `numeroDeINE` int NOT NULL AUTO_INCREMENT,
  `nombreCompleto` varchar(255) DEFAULT NULL,
  `telefono` varchar(15) DEFAULT NULL,
  `nombreDeUsuario` varchar(50) DEFAULT NULL,
  `contrasenia` varchar(50) DEFAULT NULL,
  PRIMARY KEY (`numeroDeINE`)
) ENGINE=InnoDB DEFAULT CHARSET=utf8mb4 COLLATE=utf8mb4_0900_ai_ci;
/*!40101 SET character_set_client = @saved_cs_client */;

--
-- Dumping data for table `Secretaria`
--

LOCK TABLES `Secretaria` WRITE;
/*!40000 ALTER TABLE `Secretaria` DISABLE KEYS */;
/*!40000 ALTER TABLE `Secretaria` ENABLE KEYS */;
UNLOCK TABLES;

--
-- Table structure for table `Veterinario`
--

DROP TABLE IF EXISTS `Veterinario`;
/*!40101 SET @saved_cs_client     = @@character_set_client */;
/*!50503 SET character_set_client = utf8mb4 */;
CREATE TABLE `Veterinario` (
  `Cedula` int NOT NULL,
  `nombreCompleto` varchar(255) DEFAULT NULL,
  `telefono` varchar(15) DEFAULT NULL,
  `nombreDeUsuario` varchar(50) DEFAULT NULL,
  `contrasenia` varchar(50) DEFAULT NULL,
  `agendaID` int DEFAULT NULL,
  PRIMARY KEY (`Cedula`),
  UNIQUE KEY `unique_agenda` (`agendaID`),
  CONSTRAINT `fk_veterinario_agenda` FOREIGN KEY (`agendaID`) REFERENCES `Agenda` (`idAgenda`) ON DELETE SET NULL ON UPDATE CASCADE
) ENGINE=InnoDB DEFAULT CHARSET=utf8mb4 COLLATE=utf8mb4_0900_ai_ci;
/*!40101 SET character_set_client = @saved_cs_client */;

--
-- Dumping data for table `Veterinario`
--

LOCK TABLES `Veterinario` WRITE;
/*!40000 ALTER TABLE `Veterinario` DISABLE KEYS */;
INSERT INTO `Veterinario` VALUES (12345,'Mariano Pescado','2287761900','marpes','marpes12345',1),(23456789,'jghkdafs','2287653748','VET-001',NULL,3);
/*!40000 ALTER TABLE `Veterinario` ENABLE KEYS */;
UNLOCK TABLES;
/*!40103 SET TIME_ZONE=@OLD_TIME_ZONE */;

/*!40101 SET SQL_MODE=@OLD_SQL_MODE */;
/*!40014 SET FOREIGN_KEY_CHECKS=@OLD_FOREIGN_KEY_CHECKS */;
/*!40014 SET UNIQUE_CHECKS=@OLD_UNIQUE_CHECKS */;
/*!40101 SET CHARACTER_SET_CLIENT=@OLD_CHARACTER_SET_CLIENT */;
/*!40101 SET CHARACTER_SET_RESULTS=@OLD_CHARACTER_SET_RESULTS */;
/*!40101 SET COLLATION_CONNECTION=@OLD_COLLATION_CONNECTION */;
/*!40111 SET SQL_NOTES=@OLD_SQL_NOTES */;

-- Dump completed on 2025-06-11 14:55:24
